<skeleton>
	<bones>
		<bone id="0" name="Bip01">
			<position x="0.0" y="11.7336" z="0.0" />
			<rotation angle="-2.09439">
				<axis x="0.577351" y="0.57735" z="0.57735" />
			</rotation>
		</bone>
		<bone id="1" name="Bip01_Footsteps">
			<position x="0.0" y="0.0" z="-11.0372" />
			<rotation angle="-1.5708">
				<axis x="0.0" y="0.0" z="-1.0" />
			</rotation>
		</bone>
		<bone id="2" name="Bip01_Pelvis">
			<position x="0.0415479" y="0.10266" z="0.0" />
			<rotation angle="-2.08902">
				<axis x="0.575547" y="0.575547" z="0.58094" />
			</rotation>
		</bone>
		<bone id="3" name="Bip01_Spine">
			<position x="1.24394" y="-0.00448034" z="0.0116042" />
			<rotation angle="-0.0193843">
				<axis x="0.00174648" y="-0.864092" z="0.503331" />
			</rotation>
		</bone>
		<bone id="4" name="Bip01_L_Thigh">
			<position x="-1.32278" y="-0.00819227" z="4.69685" />
			<rotation angle="-3.1088">
				<axis x="0.106877" y="-0.994271" z="-0.00178054" />
			</rotation>
		</bone>
		<bone id="5" name="Bip01_L_Calf">
			<position x="5.40888" y="7.44654e-007" z="4.54217e-007" />
			<rotation angle="-0.49938">
				<axis x="0.0" y="0.0" z="1.0" />
			</rotation>
		</bone>
		<bone id="6" name="Bip01_L_Foot">
			<position x="5.40888" y="-2.87033e-007" z="-2.91701e-007" />
			<rotation angle="-0.393677">
				<axis x="-0.00939825" y="0.010434" z="-0.999901" />
			</rotation>
		</bone>
		<bone id="7" name="Bip01_L_Toe0">
			<position x="1.24404" y="1.60103" z="0.0" />
			<rotation angle="-1.5708">
				<axis x="0.0" y="0.0" z="-1.0" />
			</rotation>
		</bone>
		<bone id="8" name="Bip01_R_Thigh">
			<position x="-1.16434" y="-0.00711324" z="-4.76172" />
			<rotation angle="-3.10459">
				<axis x="-0.3158" y="-0.948814" z="0.00477984" />
			</rotation>
		</bone>
		<bone id="9" name="Bip01_R_Calf">
			<position x="5.40888" y="8.84216e-007" z="-8.4989e-007" />
			<rotation angle="-0.714295">
				<axis x="0.0" y="0.0" z="1.0" />
			</rotation>
		</bone>
		<bone id="10" name="Bip01_R_Foot">
			<position x="5.40888" y="2.34454e-007" z="0.0" />
			<rotation angle="-0.0659155">
				<axis x="0.321481" y="-0.0783402" z="-0.94367" />
			</rotation>
		</bone>
		<bone id="11" name="Bip01_R_Toe0">
			<position x="1.24404" y="1.60103" z="6.78411e-007" />
			<rotation angle="-1.5708">
				<axis x="0.0" y="0.0" z="-1.0" />
			</rotation>
		</bone>
		<bone id="12" name="Bip01_Neck">
			<position x="5.62523" y="-0.000644172" z="0.0" />
			<rotation angle="0.0">
				<axis x="0.0409325" y="-0.798238" z="-0.600949" />
			</rotation>
		</bone>
		<bone id="13" name="Bip01_Head">
			<position x="0.811332" y="-8.21748e-007" z="0.0" />
			<rotation angle="-0.0279306">
				<axis x="-0.0797874" y="0.933252" z="-0.35025" />
			</rotation>
		</bone>
	</bones>
	<bonehierarchy>
		<boneparent bone="Bip01_Footsteps" parent="Bip01" />
		<boneparent bone="Bip01_Pelvis" parent="Bip01" />
		<boneparent bone="Bip01_Spine" parent="Bip01_Pelvis" />
		<boneparent bone="Bip01_L_Thigh" parent="Bip01_Spine" />
		<boneparent bone="Bip01_L_Calf" parent="Bip01_L_Thigh" />
		<boneparent bone="Bip01_L_Foot" parent="Bip01_L_Calf" />
		<boneparent bone="Bip01_L_Toe0" parent="Bip01_L_Foot" />
		<boneparent bone="Bip01_R_Thigh" parent="Bip01_Spine" />
		<boneparent bone="Bip01_R_Calf" parent="Bip01_R_Thigh" />
		<boneparent bone="Bip01_R_Foot" parent="Bip01_R_Calf" />
		<boneparent bone="Bip01_R_Toe0" parent="Bip01_R_Foot" />
		<boneparent bone="Bip01_Neck" parent="Bip01_Spine" />
		<boneparent bone="Bip01_Head" parent="Bip01_Neck" />
	</bonehierarchy>
	<animations>
		<animation name="goomba_walk" length="1.0">
			<tracks>
				<track bone = "Bip01">
					<keyframes>
						<keyframe time="0.0">
							<translate x="0.0" y="-0.0361814" z="0.0" />
							<rotate angle="0.0">
								<axis x="-0.999731" y="0.0" z="0.0231915" />
							</rotate>
						</keyframe>
						<keyframe time="0.0333333">
							<translate x="0.0" y="0.015029" z="0.0" />
							<rotate angle="0.0">
								<axis x="-0.999792" y="0.0" z="0.0204216" />
							</rotate>
						</keyframe>
						<keyframe time="0.0666667">
							<translate x="0.0" y="0.132265" z="0.0" />
							<rotate angle="0.0">
								<axis x="-0.999831" y="0.0" z="0.0183849" />
							</rotate>
						</keyframe>
						<keyframe time="0.1">
							<translate x="0.0" y="0.300963" z="0.0" />
							<rotate angle="0.0">
								<axis x="-0.999857" y="0.0" z="0.0168862" />
							</rotate>
						</keyframe>
						<keyframe time="0.133333">
							<translate x="0.0" y="0.490559" z="0.0" />
							<rotate angle="0.0">
								<axis x="-0.999875" y="0.0" z="0.0158036" />
							</rotate>
						</keyframe>
						<keyframe time="0.166667">
							<translate x="0.0" y="0.67049" z="0.0" />
							<rotate angle="0.0">
								<axis x="-0.999887" y="0.0" z="0.0150627" />
							</rotate>
						</keyframe>
						<keyframe time="0.2">
							<translate x="0.0" y="0.810195" z="0.0" />
							<rotate angle="0.0">
								<axis x="-0.999893" y="0.0" z="0.0146233" />
							</rotate>
						</keyframe>
						<keyframe time="0.233333">
							<translate x="0.0" y="0.87911" z="0.0" />
							<rotate angle="0.0">
								<axis x="-0.999895" y="0.0" z="0.0144744" />
							</rotate>
						</keyframe>
						<keyframe time="0.266667">
							<translate x="0.0" y="0.844736" z="0.0" />
							<rotate angle="0.0">
								<axis x="-0.999996" y="0.0" z="0.00293173" />
							</rotate>
						</keyframe>
						<keyframe time="0.3">
							<translate x="0.0" y="0.723692" z="0.0" />
							<rotate angle="0.0">
								<axis x="-1.0" y="0.0" z="0.000931679" />
							</rotate>
						</keyframe>
						<keyframe time="0.333333">
							<translate x="0.0" y="0.559093" z="0.0" />
							<rotate angle="0.0">
								<axis x="-1.0" y="0.0" z="0.000467271" />
							</rotate>
						</keyframe>
						<keyframe time="0.366667">
							<translate x="0.0" y="0.394054" z="0.0" />
							<rotate angle="0.0">
								<axis x="-1.0" y="0.0" z="0.00029277" />
							</rotate>
						</keyframe>
						<keyframe time="0.4">
							<translate x="0.0" y="0.271694" z="0.0" />
							<rotate angle="0.0">
								<axis x="-1.0" y="0.0" z="0.000209454" />
							</rotate>
						</keyframe>
						<keyframe time="0.433333">
							<translate x="0.0" y="0.19351" z="0.0" />
							<rotate angle="0.0">
								<axis x="-1.0" y="0.0" z="0.000164194" />
							</rotate>
						</keyframe>
						<keyframe time="0.466667">
							<translate x="0.0" y="0.154029" z="0.0" />
							<rotate angle="0.0">
								<axis x="-1.0" y="0.0" z="0.000138158" />
							</rotate>
						</keyframe>
						<keyframe time="0.5">
							<translate x="0.0" y="0.185908" z="0.0" />
							<rotate angle="0.0">
								<axis x="-1.0" y="0.0" z="0.000123582" />
							</rotate>
						</keyframe>
						<keyframe time="0.533333">
							<translate x="0.0" y="0.29686" z="0.0" />
							<rotate angle="0.0">
								<axis x="-1.0" y="0.0" z="0.000117291" />
							</rotate>
						</keyframe>
						<keyframe time="0.566667">
							<translate x="0.0" y="0.453953" z="0.0" />
							<rotate angle="0.0">
								<axis x="-1.0" y="0.0" z="0.000118845" />
							</rotate>
						</keyframe>
						<keyframe time="0.6">
							<translate x="0.0" y="0.628886" z="0.0" />
							<rotate angle="0.0">
								<axis x="-1.0" y="0.0" z="0.000131031" />
							</rotate>
						</keyframe>
						<keyframe time="0.633333">
							<translate x="0.0" y="0.793358" z="0.0" />
							<rotate angle="0.0">
								<axis x="-1.0" y="0.0" z="0.000165227" />
							</rotate>
						</keyframe>
						<keyframe time="0.666667">
							<translate x="0.0" y="0.919067" z="0.0" />
							<rotate angle="0.0">
								<axis x="-1.0" y="0.0" z="0.000281668" />
							</rotate>
						</keyframe>
						<keyframe time="0.7">
							<translate x="0.0" y="0.977712" z="0.0" />
							<rotate angle="0.0">
								<axis x="0.0" y="0.0" z="1.0" />
							</rotate>
						</keyframe>
						<keyframe time="0.733333">
							<translate x="0.0" y="0.952931" z="0.0" />
							<rotate angle="0.0">
								<axis x="1.0" y="0.0" z="0.000203323" />
							</rotate>
						</keyframe>
						<keyframe time="0.766667">
							<translate x="0.0" y="0.864097" z="0.0" />
							<rotate angle="0.0">
								<axis x="1.0" y="0.0" z="8.85754e-005" />
							</rotate>
						</keyframe>
						<keyframe time="0.8">
							<translate x="0.0" y="0.736499" z="0.0" />
							<rotate angle="0.0">
								<axis x="1.0" y="0.0" z="5.29423e-005" />
							</rotate>
						</keyframe>
						<keyframe time="0.833333">
							<translate x="0.0" y="0.595429" z="0.0" />
							<rotate angle="0.0">
								<axis x="1.0" y="0.0" z="3.63791e-005" />
							</rotate>
						</keyframe>
						<keyframe time="0.866667">
							<translate x="0.0" y="0.466183" z="0.0" />
							<rotate angle="0.0">
								<axis x="1.0" y="0.0" z="2.71273e-005" />
							</rotate>
						</keyframe>
						<keyframe time="0.9">
							<translate x="0.0" y="0.374048" z="0.0" />
							<rotate angle="0.0">
								<axis x="1.0" y="0.0" z="2.13734e-005" />
							</rotate>
						</keyframe>
						<keyframe time="0.933333">
							<translate x="0.0" y="0.337026" z="0.0" />
							<rotate angle="0.0">
								<axis x="1.0" y="0.0" z="1.75334e-005" />
							</rotate>
						</keyframe>
						<keyframe time="0.966667">
							<translate x="0.0" y="0.347288" z="0.0" />
							<rotate angle="0.0">
								<axis x="1.0" y="0.0" z="1.48416e-005" />
							</rotate>
						</keyframe>
						<keyframe time="1.0">
							<translate x="0.0" y="0.391389" z="0.0" />
							<rotate angle="0.0">
								<axis x="1.0" y="0.0" z="1.28878e-005" />
							</rotate>
						</keyframe>
					</keyframes>
				</track>
				<track bone = "Bip01_Footsteps">
					<keyframes>
						<keyframe time="0.0">
							<translate x="0.0" y="0.0" z="-0.233645" />
							<rotate angle="0.0">
								<axis x="1.31958e-006" y="-0.999731" z="-0.0231915" />
							</rotate>
						</keyframe>
						<keyframe time="1.0">
							<translate x="0.0" y="0.0" z="-0.609334" />
							<rotate angle="0.0">
								<axis x="-1.30594e-006" y="1.0" z="-1.28878e-005" />
							</rotate>
						</keyframe>
					</keyframes>
				</track>
				<track bone = "Bip01_Pelvis">
					<keyframes>
						<keyframe time="0.0">
							<translate x="0.0120155" y="0.10266" z="0.0" />
							<rotate angle="-0.0406719">
								<axis x="0.0" y="1.0" z="-1.3868e-006" />
							</rotate>
						</keyframe>
						<keyframe time="0.0333333">
							<translate x="0.00932813" y="0.185301" z="0.0" />
							<rotate angle="-0.031637">
								<axis x="0.0" y="1.0" z="-1.3868e-006" />
							</rotate>
						</keyframe>
						<keyframe time="0.0666667">
							<translate x="0.00679909" y="0.262204" z="0.0" />
							<rotate angle="-0.0231922">
								<axis x="0.0" y="1.0" z="-1.3868e-006" />
							</rotate>
						</keyframe>
						<keyframe time="0.1">
							<translate x="0.0045218" y="0.330796" z="0.0" />
							<rotate angle="-0.015625">
								<axis x="0.0" y="1.0" z="-1.3868e-006" />
							</rotate>
						</keyframe>
						<keyframe time="0.133333">
							<translate x="0.00258783" y="0.38853" z="0.0" />
							<rotate angle="-0.00923872">
								<axis x="0.0" y="1.0" z="-1.3868e-006" />
							</rotate>
						</keyframe>
						<keyframe time="0.166667">
							<translate x="0.00109253" y="0.432882" z="0.0" />
							<rotate angle="-0.00431238">
								<axis x="0.0" y="1.0" z="-1.3868e-006" />
							</rotate>
						</keyframe>
						<keyframe time="0.2">
							<translate x="0.000129351" y="0.461339" z="0.0" />
							<rotate angle="-0.00119604">
								<axis x="0.0" y="1.0" z="-1.3868e-006" />
							</rotate>
						</keyframe>
						<keyframe time="0.233333">
							<translate x="-0.000212051" y="0.471386" z="0.0" />
							<rotate angle="0.0">
								<axis x="-0.000163847" y="1.0" z="-1.39778e-005" />
							</rotate>
						</keyframe>
						<keyframe time="0.266667">
							<translate x="0.000230435" y="0.457706" z="0.0" />
							<rotate angle="-0.00154408">
								<axis x="0.0" y="1.0" z="-1.3868e-006" />
							</rotate>
						</keyframe>
						<keyframe time="0.3">
							<translate x="0.00147207" y="0.419374" z="0.0" />
							<rotate angle="-0.00552427">
								<axis x="0.0" y="1.0" z="-1.3868e-006" />
							</rotate>
						</keyframe>
						<keyframe time="0.333333">
							<translate x="0.0033698" y="0.360429" z="0.0" />
							<rotate angle="-0.0118201">
								<axis x="0.0" y="1.0" z="-1.3868e-006" />
							</rotate>
						</keyframe>
						<keyframe time="0.366667">
							<translate x="0.00578822" y="0.284916" z="0.0" />
							<rotate angle="-0.0198221">
								<axis x="0.0" y="1.0" z="-1.3868e-006" />
							</rotate>
						</keyframe>
						<keyframe time="0.4">
							<translate x="0.00858619" y="0.196916" z="0.0" />
							<rotate angle="-0.0291585">
								<axis x="0.0" y="1.0" z="-1.3868e-006" />
							</rotate>
						</keyframe>
						<keyframe time="0.433333">
							<translate x="0.0116245" y="0.100555" z="0.0" />
							<rotate angle="-0.0393611">
								<axis x="0.0" y="1.0" z="-1.3868e-006" />
							</rotate>
						</keyframe>
						<keyframe time="0.466667">
							<translate x="0.0147657" y="0.0" z="0.0" />
							<rotate angle="-0.0500019">
								<axis x="0.0" y="1.0" z="-1.3868e-006" />
							</rotate>
						</keyframe>
						<keyframe time="0.5">
							<translate x="0.0178784" y="-0.100555" z="0.0" />
							<rotate angle="-0.0606436">
								<axis x="0.0" y="1.0" z="-1.3868e-006" />
							</rotate>
						</keyframe>
						<keyframe time="0.533333">
							<translate x="0.0208328" y="-0.196916" z="0.0" />
							<rotate angle="-0.0708466">
								<axis x="0.0" y="1.0" z="-1.3868e-006" />
							</rotate>
						</keyframe>
						<keyframe time="0.566667">
							<translate x="0.0235106" y="-0.284916" z="0.0" />
							<rotate angle="-0.0801757">
								<axis x="0.0" y="1.0" z="-1.3868e-006" />
							</rotate>
						</keyframe>
						<keyframe time="0.6">
							<translate x="0.0257878" y="-0.360428" z="0.0" />
							<rotate angle="-0.088193">
								<axis x="0.0" y="1.0" z="-1.3868e-006" />
							</rotate>
						</keyframe>
						<keyframe time="0.633333">
							<translate x="0.027554" y="-0.419374" z="0.0" />
							<rotate angle="-0.0944606">
								<axis x="0.0" y="1.0" z="-1.3868e-006" />
							</rotate>
						</keyframe>
						<keyframe time="0.666667">
							<translate x="0.0286983" y="-0.457707" z="0.0" />
							<rotate angle="-0.0985412">
								<axis x="0.0" y="1.0" z="-1.3868e-006" />
							</rotate>
						</keyframe>
						<keyframe time="0.7">
							<translate x="0.0291065" y="-0.471386" z="0.0" />
							<rotate angle="-0.0999997">
								<axis x="0.0" y="1.0" z="-1.3868e-006" />
							</rotate>
						</keyframe>
						<keyframe time="0.733333">
							<translate x="0.0288242" y="-0.464192" z="0.0" />
							<rotate angle="-0.0992334">
								<axis x="0.0" y="1.0" z="-1.3868e-006" />
							</rotate>
						</keyframe>
						<keyframe time="0.766667">
							<translate x="0.0280193" y="-0.443589" z="0.0" />
							<rotate angle="-0.0970388">
								<axis x="0.0" y="1.0" z="-1.3868e-006" />
							</rotate>
						</keyframe>
						<keyframe time="0.8">
							<translate x="0.0267643" y="-0.411034" z="0.0" />
							<rotate angle="-0.0935727">
								<axis x="0.0" y="1.0" z="-1.3868e-006" />
							</rotate>
						</keyframe>
						<keyframe time="0.833333">
							<translate x="0.0251241" y="-0.367983" z="0.0" />
							<rotate angle="-0.0889952">
								<axis x="0.0" y="1.0" z="-1.3868e-006" />
							</rotate>
						</keyframe>
						<keyframe time="0.866667">
							<translate x="0.0231596" y="-0.315892" z="0.0" />
							<rotate angle="-0.0834636">
								<axis x="0.0" y="1.0" z="-1.3868e-006" />
							</rotate>
						</keyframe>
						<keyframe time="0.9">
							<translate x="0.0209433" y="-0.256229" z="0.0" />
							<rotate angle="-0.0771316">
								<axis x="0.0" y="1.0" z="-1.3868e-006" />
							</rotate>
						</keyframe>
						<keyframe time="0.933333">
							<translate x="0.0185401" y="-0.19047" z="0.0" />
							<rotate angle="-0.0701633">
								<axis x="0.0" y="1.0" z="-1.3868e-006" />
							</rotate>
						</keyframe>
						<keyframe time="0.966667">
							<translate x="0.0160187" y="-0.120108" z="0.0" />
							<rotate angle="-0.062712">
								<axis x="0.0" y="1.0" z="-1.3868e-006" />
							</rotate>
						</keyframe>
						<keyframe time="1.0">
							<translate x="0.0134439" y="-0.0466454" z="0.0" />
							<rotate angle="-0.0549372">
								<axis x="0.0" y="1.0" z="-1.3868e-006" />
							</rotate>
						</keyframe>
					</keyframes>
				</track>
				<track bone = "Bip01_Spine">
					<keyframes>
						<keyframe time="0.0">
							<translate x="0.00148702" y="0.0" z="-0.050572" />
							<rotate angle="-0.0668174">
								<axis x="0.0074429" y="-0.998929" z="0.0456769" />
							</rotate>
						</keyframe>
						<keyframe time="0.0333333">
							<translate x="0.00133359" y="0.0" z="-0.0393361" />
							<rotate angle="-0.0787532">
								<axis x="0.0045059" y="-0.999534" z="0.0301968" />
							</rotate>
						</keyframe>
						<keyframe time="0.0666667">
							<translate x="0.00109947" y="0.0" z="-0.0288306" />
							<rotate angle="-0.0898487">
								<axis x="0.00252847" y="-0.999808" z="0.0194295" />
							</rotate>
						</keyframe>
						<keyframe time="0.1">
							<translate x="0.000812769" y="0.0" z="-0.0194201" />
							<rotate angle="-0.0997393">
								<axis x="0.00117677" y="-0.99993" z="0.0118056" />
							</rotate>
						</keyframe>
						<keyframe time="0.133333">
							<translate x="0.000516653" y="0.0" z="-0.0114686" />
							<rotate angle="-0.108061">
								<axis x="0.000258675" y="-0.999979" z="0.00644132" />
							</rotate>
						</keyframe>
						<keyframe time="0.166667">
							<translate x="0.000255227" y="0.0" z="-0.00533945" />
							<rotate angle="-0.114453">
								<axis x="-0.000339517" y="-0.999996" z="0.00283238" />
							</rotate>
						</keyframe>
						<keyframe time="0.2">
							<translate x="6.96182e-005" y="0.0" z="-0.00139563" />
							<rotate angle="-0.118554">
								<axis x="-0.000682162" y="-0.999999" z="0.000712991" />
							</rotate>
						</keyframe>
						<keyframe time="0.233333">
							<translate x="0.0" y="0.0" z="0.0" />
							<rotate angle="-0.12">
								<axis x="-0.000796275" y="-1.0" z="-2.76387e-006" />
							</rotate>
						</keyframe>
						<keyframe time="0.266667">
							<translate x="8.84533e-005" y="0.0" z="-0.00181146" />
							<rotate angle="-0.117959">
								<axis x="-0.000647276" y="-0.999999" z="0.000930528" />
							</rotate>
						</keyframe>
						<keyframe time="0.3">
							<translate x="0.000323772" y="0.0" z="-0.0068834" />
							<rotate angle="-0.112245">
								<axis x="-0.000193626" y="-0.999993" z="0.00372176" />
							</rotate>
						</keyframe>
						<keyframe time="0.333333">
							<translate x="0.000642776" y="0.0" z="-0.0146743" />
							<rotate angle="-0.103472">
								<axis x="0.000624275" y="-0.999963" z="0.0086004" />
							</rotate>
						</keyframe>
						<keyframe time="0.366667">
							<translate x="0.000981092" y="0.0" z="-0.0246421" />
							<rotate angle="-0.0922559">
								<axis x="0.00194381" y="-0.999867" z="0.0161758" />
							</rotate>
						</keyframe>
						<keyframe time="0.4">
							<translate x="0.00127387" y="0.0" z="-0.036244" />
							<rotate angle="-0.0792152">
								<axis x="0.00402584" y="-0.999609" z="0.0276608" />
							</rotate>
						</keyframe>
						<keyframe time="0.433333">
							<translate x="0.00147057" y="0.0" z="-0.048936" />
							<rotate angle="-0.0649645">
								<axis x="0.00737294" y="-0.998939" z="0.0454486" />
							</rotate>
						</keyframe>
						<keyframe time="0.466667">
							<translate x="0.00153863" y="0.0" z="-0.0621734" />
							<rotate angle="-0.0501447">
								<axis x="0.0130457" y="-0.997124" z="0.0746555" />
							</rotate>
						</keyframe>
						<keyframe time="0.5">
							<translate x="0.00146449" y="0.0" z="-0.0754109" />
							<rotate angle="-0.0354">
								<axis x="0.0236612" y="-0.991494" z="0.127983" />
							</rotate>
						</keyframe>
						<keyframe time="0.533333">
							<translate x="0.00126004" y="0.0" z="-0.0881032" />
							<rotate angle="-0.0214956">
								<axis x="0.0475087" y="-0.968179" z="0.24571" />
							</rotate>
						</keyframe>
						<keyframe time="0.566667">
							<translate x="0.000960469" y="0.0" z="-0.099705" />
							<rotate angle="-0.00986281">
								<axis x="0.121348" y="-0.786616" z="0.605401" />
							</rotate>
						</keyframe>
						<keyframe time="0.6">
							<translate x="0.00061667" y="0.0" z="-0.109673" />
							<rotate angle="-0.00753284">
								<axis x="0.179233" y="0.460736" z="0.869252" />
							</rotate>
						</keyframe>
						<keyframe time="0.633333">
							<translate x="0.000292063" y="0.0" z="-0.117464" />
							<rotate angle="-0.0141854">
								<axis x="0.10398" y="0.863271" z="0.493914" />
							</rotate>
						</keyframe>
						<keyframe time="0.666667">
							<translate x="5.61476e-005" y="0.0" z="-0.122536" />
							<rotate angle="-0.0194579">
								<axis x="0.0800787" y="0.923372" z="0.375462" />
							</rotate>
						</keyframe>
						<keyframe time="0.7">
							<translate x="-3.43323e-005" y="0.0" z="-0.124347" />
							<rotate angle="-0.0213955">
								<axis x="0.0742166" y="0.935149" z="0.346394" />
							</rotate>
						</keyframe>
						<keyframe time="0.733333">
							<translate x="1.34706e-005" y="0.0" z="-0.123395" />
							<rotate angle="-0.0203679">
								<axis x="0.0772022" y="0.929638" z="0.360295" />
							</rotate>
						</keyframe>
						<keyframe time="0.766667">
							<translate x="0.000145912" y="0.0" z="-0.120668" />
							<rotate angle="-0.0174557">
								<axis x="0.0875484" y="0.908552" z="0.408495" />
							</rotate>
						</keyframe>
						<keyframe time="0.8">
							<translate x="0.000340343" y="0.0" z="-0.116361" />
							<rotate angle="-0.013029">
								<axis x="0.112064" y="0.845148" z="0.522653" />
							</rotate>
						</keyframe>
						<keyframe time="0.833333">
							<translate x="0.000579715" y="0.0" z="-0.110671" />
							<rotate angle="-0.00799351">
								<axis x="0.171598" y="0.575644" z="0.799492" />
							</rotate>
						</keyframe>
						<keyframe time="0.866667">
							<translate x="0.000829935" y="0.0" z="-0.103792" />
							<rotate angle="-0.00680097">
								<axis x="0.186293" y="-0.463923" z="0.866066" />
							</rotate>
						</keyframe>
						<keyframe time="0.9">
							<translate x="0.0010711" y="0.0" z="-0.0959211" />
							<rotate angle="-0.0131927">
								<axis x="0.0870322" y="-0.911071" z="0.402958" />
							</rotate>
						</keyframe>
						<keyframe time="0.933333">
							<translate x="0.00127935" y="0.0" z="-0.0872538" />
							<rotate angle="-0.0222906">
								<axis x="0.0458434" y="-0.976457" z="0.210786" />
							</rotate>
						</keyframe>
						<keyframe time="0.966667">
							<translate x="0.00143456" y="0.0" z="-0.0779855" />
							<rotate angle="-0.0324701">
								<axis x="0.0274787" y="-0.99178" z="0.12497" />
							</rotate>
						</keyframe>
						<keyframe time="1.0">
							<translate x="0.00152326" y="0.0" z="-0.0683135" />
							<rotate angle="-0.0432296">
								<axis x="0.0176067" y="-0.996737" z="0.0787755" />
							</rotate>
						</keyframe>
					</keyframes>
				</track>
				<track bone = "Bip01_L_Thigh">
					<keyframes>
						<keyframe time="0.0">
							<translate x="-0.315157" y="-0.00590333" z="-0.0271869" />
							<rotate angle="-0.709004">
								<axis x="0.0168589" y="0.0453376" z="0.998829" />
							</rotate>
						</keyframe>
						<keyframe time="0.0333333">
							<translate x="-0.370805" y="-0.00450625" z="-0.0545807" />
							<rotate angle="-0.746149">
								<axis x="0.0227059" y="0.0808029" z="0.996471" />
							</rotate>
						</keyframe>
						<keyframe time="0.0666667">
							<translate x="-0.421971" y="-0.00319427" z="-0.0806775" />
							<rotate angle="-0.736229">
								<axis x="0.0276148" y="0.108767" z="0.993684" />
							</rotate>
						</keyframe>
						<keyframe time="0.1">
							<translate x="-0.467123" y="-0.0020115" z="-0.104444" />
							<rotate angle="-0.707157">
								<axis x="0.0360307" y="0.137829" z="0.989801" />
							</rotate>
						</keyframe>
						<keyframe time="0.133333">
							<translate x="-0.504785" y="-0.00100619" z="-0.124805" />
							<rotate angle="-0.662961">
								<axis x="0.0484892" y="0.168484" z="0.984511" />
							</rotate>
						</keyframe>
						<keyframe time="0.166667">
							<translate x="-0.533506" y="-0.000230453" z="-0.140668" />
							<rotate angle="-0.607599">
								<axis x="0.0654701" y="0.200918" z="0.977418" />
							</rotate>
						</keyframe>
						<keyframe time="0.2">
							<translate x="-0.551831" y="0.000267826" z="-0.150948" />
							<rotate angle="-0.544919">
								<axis x="0.0872561" y="0.234886" z="0.968099" />
							</rotate>
						</keyframe>
						<keyframe time="0.233333">
							<translate x="-0.558278" y="0.000446889" z="-0.154595" />
							<rotate angle="-0.478588">
								<axis x="0.113661" y="0.269395" z="0.956299" />
							</rotate>
						</keyframe>
						<keyframe time="0.266667">
							<translate x="-0.54916" y="0.000214573" z="-0.149609" />
							<rotate angle="-0.38702">
								<axis x="0.157779" y="0.318067" z="0.934847" />
							</rotate>
						</keyframe>
						<keyframe time="0.3">
							<translate x="-0.523545" y="-0.000429339" z="-0.135739" />
							<rotate angle="-0.267981">
								<axis x="0.249686" y="0.412006" z="0.876304" />
							</rotate>
						</keyframe>
						<keyframe time="0.333333">
							<translate x="-0.483956" y="-0.00141269" z="-0.114717" />
							<rotate angle="-0.157673">
								<axis x="0.437946" y="0.590642" z="0.67775" />
							</rotate>
						</keyframe>
						<keyframe time="0.366667">
							<translate x="-0.432881" y="-0.00266632" z="-0.0883212" />
							<rotate angle="-0.0988867">
								<axis x="0.664669" y="0.742665" z="0.0816293" />
							</rotate>
						</keyframe>
						<keyframe time="0.4">
							<translate x="-0.372838" y="-0.00411734" z="-0.0583143" />
							<rotate angle="-0.0836577">
								<axis x="0.678114" y="0.632677" z="-0.374007" />
							</rotate>
						</keyframe>
						<keyframe time="0.433333">
							<translate x="-0.306426" y="-0.0056898" z="-0.0263829" />
							<rotate angle="-0.112092">
								<axis x="0.361053" y="0.191633" z="-0.912643" />
							</rotate>
						</keyframe>
						<keyframe time="0.466667">
							<translate x="-0.236355" y="-0.00731509" z="0.00590849" />
							<rotate angle="-0.121719">
								<axis x="0.159317" y="-0.0695698" z="-0.984773" />
							</rotate>
						</keyframe>
						<keyframe time="0.5">
							<translate x="-0.165471" y="-0.00892287" z="0.0371494" />
							<rotate angle="-0.110648">
								<axis x="0.00776056" y="-0.356587" z="-0.93423" />
							</rotate>
						</keyframe>
						<keyframe time="0.533333">
							<translate x="-0.0967504" y="-0.0104549" z="0.0661016" />
							<rotate angle="-0.0940253">
								<axis x="-0.166747" y="-0.747577" z="-0.642903" />
							</rotate>
						</keyframe>
						<keyframe time="0.566667">
							<translate x="-0.0332921" y="-0.0118384" z="0.0916944" />
							<rotate angle="-0.103149">
								<axis x="-0.304923" y="-0.951392" z="0.0433048" />
							</rotate>
						</keyframe>
						<keyframe time="0.6">
							<translate x="0.0217139" y="-0.0130166" z="0.113008" />
							<rotate angle="-0.154426">
								<axis x="-0.287623" y="-0.790109" z="0.541296" />
							</rotate>
						</keyframe>
						<keyframe time="0.633333">
							<translate x="0.0650172" y="-0.0139306" z="0.129229" />
							<rotate angle="-0.227349">
								<axis x="-0.233752" y="-0.619917" z="0.749042" />
							</rotate>
						</keyframe>
						<keyframe time="0.666667">
							<translate x="0.0933514" y="-0.0145222" z="0.139579" />
							<rotate angle="-0.305159">
								<axis x="-0.185298" y="-0.504461" z="0.843317" />
							</rotate>
						</keyframe>
						<keyframe time="0.7">
							<translate x="0.103499" y="-0.0147329" z="0.143235" />
							<rotate angle="-0.375132">
								<axis x="-0.144074" y="-0.426425" z="0.892975" />
							</rotate>
						</keyframe>
						<keyframe time="0.733333">
							<translate x="0.0981601" y="-0.0146064" z="0.141315" />
							<rotate angle="-0.42489">
								<axis x="-0.115196" y="-0.374626" z="0.919992" />
							</rotate>
						</keyframe>
						<keyframe time="0.766667">
							<translate x="0.0828986" y="-0.0142453" z="0.135786" />
							<rotate angle="-0.460212">
								<axis x="-0.09531" y="-0.332903" z="0.938132" />
							</rotate>
						</keyframe>
						<keyframe time="0.8">
							<translate x="0.0588685" y="-0.0136766" z="0.126956" />
							<rotate angle="-0.497922">
								<axis x="-0.0753642" y="-0.287387" z="0.954845" />
							</rotate>
						</keyframe>
						<keyframe time="0.833333">
							<translate x="0.0272399" y="-0.0129266" z="0.115108" />
							<rotate angle="-0.545543">
								<axis x="-0.0543524" y="-0.237353" z="0.969902" />
							</rotate>
						</keyframe>
						<keyframe time="0.866667">
							<translate x="-0.010796" y="-0.0120217" z="0.10051" />
							<rotate angle="-0.599102">
								<axis x="-0.0350466" y="-0.188161" z="0.981513" />
							</rotate>
						</keyframe>
						<keyframe time="0.9">
							<translate x="-0.0540617" y="-0.0109884" z="0.0834403" />
							<rotate angle="-0.652701">
								<axis x="-0.0189084" y="-0.142984" z="0.989544" />
							</rotate>
						</keyframe>
						<keyframe time="0.933333">
							<translate x="-0.10138" y="-0.00985399" z="0.0641952" />
							<rotate angle="-0.682305">
								<axis x="-0.0119948" y="-0.103201" z="0.994588" />
							</rotate>
						</keyframe>
						<keyframe time="0.966667">
							<translate x="-0.151598" y="-0.00864645" z="0.0431023" />
							<rotate angle="-0.70162">
								<axis x="-0.0103602" y="-0.0635261" z="0.997926" />
							</rotate>
						</keyframe>
						<keyframe time="1.0">
							<translate x="-0.203584" y="-0.00739476" z="0.0205307" />
							<rotate angle="-0.716899">
								<axis x="-0.00497114" y="-0.0257406" z="0.999656" />
							</rotate>
						</keyframe>
					</keyframes>
				</track>
				<track bone = "Bip01_L_Calf">
					<keyframes>
						<keyframe time="0.0">
							<translate x="0.0" y="0.0" z="0.0" />
							<rotate angle="-0.179099">
								<axis x="0.0" y="0.0" z="1.0" />
							</rotate>
						</keyframe>
						<keyframe time="0.0333333">
							<translate x="0.0" y="0.0" z="0.0" />
							<rotate angle="-0.159689">
								<axis x="0.0" y="0.0" z="1.0" />
							</rotate>
						</keyframe>
						<keyframe time="0.0666667">
							<translate x="0.0" y="0.0" z="0.0" />
							<rotate angle="-0.130549">
								<axis x="0.0" y="0.0" z="1.0" />
							</rotate>
						</keyframe>
						<keyframe time="0.1">
							<translate x="0.0" y="0.0" z="0.0" />
							<rotate angle="-0.0572497">
								<axis x="0.0" y="0.0" z="1.0" />
							</rotate>
						</keyframe>
						<keyframe time="0.133333">
							<translate x="0.0" y="0.0" z="0.0" />
							<rotate angle="-0.0390143">
								<axis x="0.0" y="0.0" z="-1.0" />
							</rotate>
						</keyframe>
						<keyframe time="0.166667">
							<translate x="0.0" y="0.0" z="0.0" />
							<rotate angle="-0.137052">
								<axis x="0.0" y="0.0" z="-1.0" />
							</rotate>
						</keyframe>
						<keyframe time="0.2">
							<translate x="0.0" y="0.0" z="0.0" />
							<rotate angle="-0.215679">
								<axis x="0.0" y="0.0" z="-1.0" />
							</rotate>
						</keyframe>
						<keyframe time="0.233333">
							<translate x="0.0" y="0.0" z="0.0" />
							<rotate angle="-0.253702">
								<axis x="0.0" y="0.0" z="-1.0" />
							</rotate>
						</keyframe>
						<keyframe time="0.266667">
							<translate x="0.0" y="0.0" z="0.0" />
							<rotate angle="-0.229722">
								<axis x="0.0" y="0.0" z="-1.0" />
							</rotate>
						</keyframe>
						<keyframe time="0.3">
							<translate x="0.0" y="0.0" z="0.0" />
							<rotate angle="-0.157127">
								<axis x="0.0" y="0.0" z="-1.0" />
							</rotate>
						</keyframe>
						<keyframe time="0.333333">
							<translate x="0.0" y="0.0" z="0.0" />
							<rotate angle="-0.0669066">
								<axis x="0.0" y="0.0" z="-1.0" />
							</rotate>
						</keyframe>
						<keyframe time="0.366667">
							<translate x="0.0" y="0.0" z="0.0" />
							<rotate angle="-0.00995903">
								<axis x="0.0" y="0.0" z="1.0" />
							</rotate>
						</keyframe>
						<keyframe time="0.4">
							<translate x="0.0" y="0.0" z="0.0" />
							<rotate angle="-0.042456">
								<axis x="0.0" y="0.0" z="1.0" />
							</rotate>
						</keyframe>
						<keyframe time="0.433333">
							<translate x="0.0" y="0.0" z="0.0" />
							<rotate angle="-0.258964">
								<axis x="0.0" y="0.0" z="1.0" />
							</rotate>
						</keyframe>
						<keyframe time="0.466667">
							<translate x="0.0" y="0.0" z="0.0" />
							<rotate angle="-0.355787">
								<axis x="0.0" y="0.0" z="1.0" />
							</rotate>
						</keyframe>
						<keyframe time="0.5">
							<translate x="0.0" y="0.0" z="0.0" />
							<rotate angle="-0.411883">
								<axis x="0.0" y="0.0" z="1.0" />
							</rotate>
						</keyframe>
						<keyframe time="0.533333">
							<translate x="0.0" y="0.0" z="0.0" />
							<rotate angle="-0.442271">
								<axis x="0.0" y="0.0" z="1.0" />
							</rotate>
						</keyframe>
						<keyframe time="0.566667">
							<translate x="0.0" y="0.0" z="0.0" />
							<rotate angle="-0.429625">
								<axis x="0.0" y="0.0" z="1.0" />
							</rotate>
						</keyframe>
						<keyframe time="0.6">
							<translate x="0.0" y="0.0" z="0.0" />
							<rotate angle="-0.386037">
								<axis x="0.0" y="0.0" z="1.0" />
							</rotate>
						</keyframe>
						<keyframe time="0.633333">
							<translate x="0.0" y="0.0" z="0.0" />
							<rotate angle="-0.32245">
								<axis x="0.0" y="0.0" z="1.0" />
							</rotate>
						</keyframe>
						<keyframe time="0.666667">
							<translate x="0.0" y="0.0" z="0.0" />
							<rotate angle="-0.252192">
								<axis x="0.0" y="0.0" z="1.0" />
							</rotate>
						</keyframe>
						<keyframe time="0.7">
							<translate x="0.0" y="0.0" z="0.0" />
							<rotate angle="-0.194789">
								<axis x="0.0" y="0.0" z="1.0" />
							</rotate>
						</keyframe>
						<keyframe time="0.733333">
							<translate x="0.0" y="0.0" z="0.0" />
							<rotate angle="-0.177785">
								<axis x="0.0" y="0.0" z="1.0" />
							</rotate>
						</keyframe>
						<keyframe time="0.766667">
							<translate x="0.0" y="0.0" z="0.0" />
							<rotate angle="-0.191846">
								<axis x="0.0" y="0.0" z="1.0" />
							</rotate>
						</keyframe>
						<keyframe time="0.8">
							<translate x="0.0" y="0.0" z="0.0" />
							<rotate angle="-0.202702">
								<axis x="0.0" y="0.0" z="1.0" />
							</rotate>
						</keyframe>
						<keyframe time="0.833333">
							<translate x="0.0" y="0.0" z="0.0" />
							<rotate angle="-0.194397">
								<axis x="0.0" y="0.0" z="1.0" />
							</rotate>
						</keyframe>
						<keyframe time="0.866667">
							<translate x="0.0" y="0.0" z="0.0" />
							<rotate angle="-0.172207">
								<axis x="0.0" y="0.0" z="1.0" />
							</rotate>
						</keyframe>
						<keyframe time="0.9">
							<translate x="0.0" y="0.0" z="0.0" />
							<rotate angle="-0.144432">
								<axis x="0.0" y="0.0" z="1.0" />
							</rotate>
						</keyframe>
						<keyframe time="0.933333">
							<translate x="0.0" y="0.0" z="0.0" />
							<rotate angle="-0.152478">
								<axis x="0.0" y="0.0" z="1.0" />
							</rotate>
						</keyframe>
						<keyframe time="0.966667">
							<translate x="0.0" y="0.0" z="0.0" />
							<rotate angle="-0.167405">
								<axis x="0.0" y="0.0" z="1.0" />
							</rotate>
						</keyframe>
						<keyframe time="1.0">
							<translate x="0.0" y="0.0" z="0.0" />
							<rotate angle="-0.175452">
								<axis x="0.0" y="0.0" z="1.0" />
							</rotate>
						</keyframe>
					</keyframes>
				</track>
				<track bone = "Bip01_L_Foot">
					<keyframes>
						<keyframe time="0.0">
							<translate x="0.0" y="0.0" z="0.0" />
							<rotate angle="-0.217838">
								<axis x="-0.0167619" y="0.020465" z="-0.99965" />
							</rotate>
						</keyframe>
						<keyframe time="0.0333333">
							<translate x="0.0" y="0.0" z="0.0" />
							<rotate angle="-0.0627994">
								<axis x="-0.0353008" y="0.0256708" z="-0.999047" />
							</rotate>
						</keyframe>
						<keyframe time="0.0666667">
							<translate x="0.0" y="0.0" z="0.0" />
							<rotate angle="-0.0500114">
								<axis x="-0.0597427" y="0.0242267" z="-0.99792" />
							</rotate>
						</keyframe>
						<keyframe time="0.1">
							<translate x="0.0" y="0.0" z="0.0" />
							<rotate angle="-0.0184646">
								<axis x="-0.276833" y="0.0184383" z="-0.960741" />
							</rotate>
						</keyframe>
						<keyframe time="0.133333">
							<translate x="0.0" y="0.0" z="0.0" />
							<rotate angle="-0.0256802">
								<axis x="-0.322712" y="-0.0170293" z="0.946344" />
							</rotate>
						</keyframe>
						<keyframe time="0.166667">
							<translate x="0.0" y="0.0" z="0.0" />
							<rotate angle="-0.0678374">
								<axis x="-0.177933" y="-0.0102794" z="0.983989" />
							</rotate>
						</keyframe>
						<keyframe time="0.2">
							<translate x="0.0" y="0.0" z="0.0" />
							<rotate angle="-0.101378">
								<axis x="-0.156504" y="-0.00363783" z="0.987671" />
							</rotate>
						</keyframe>
						<keyframe time="0.233333">
							<translate x="0.0" y="0.0" z="0.0" />
							<rotate angle="-0.116539">
								<axis x="-0.163544" y="0.00174862" z="0.986535" />
							</rotate>
						</keyframe>
						<keyframe time="0.266667">
							<translate x="0.0" y="0.0" z="0.0" />
							<rotate angle="-0.103176">
								<axis x="-0.213582" y="0.0058168" z="0.976908" />
							</rotate>
						</keyframe>
						<keyframe time="0.3">
							<translate x="0.0" y="0.0" z="0.0" />
							<rotate angle="-0.0683173">
								<axis x="-0.368574" y="0.0117964" z="0.929524" />
							</rotate>
						</keyframe>
						<keyframe time="0.333333">
							<translate x="0.0" y="0.0" z="0.0" />
							<rotate angle="-0.0333611">
								<axis x="-0.837977" y="0.025086" z="0.545128" />
							</rotate>
						</keyframe>
						<keyframe time="0.366667">
							<translate x="0.0" y="0.0" z="0.0" />
							<rotate angle="-0.036021">
								<axis x="-0.830196" y="0.0210572" z="-0.557074" />
							</rotate>
						</keyframe>
						<keyframe time="0.4">
							<translate x="0.0" y="0.0" z="0.0" />
							<rotate angle="-0.0474072">
								<axis x="-0.646305" y="0.0147112" z="-0.762937" />
							</rotate>
						</keyframe>
						<keyframe time="0.433333">
							<translate x="0.0" y="0.0" z="0.0" />
							<rotate angle="-0.0859635">
								<axis x="-0.312315" y="0.0362565" z="-0.949286" />
							</rotate>
						</keyframe>
						<keyframe time="0.466667">
							<translate x="0.0" y="0.0" z="0.0" />
							<rotate angle="-0.032857">
								<axis x="-0.654948" y="0.103203" z="0.748593" />
							</rotate>
						</keyframe>
						<keyframe time="0.5">
							<translate x="0.0" y="0.0" z="0.0" />
							<rotate angle="-0.0569071">
								<axis x="-0.36959" y="0.151626" z="0.91674" />
							</rotate>
						</keyframe>
						<keyframe time="0.533333">
							<translate x="0.0" y="0.0" z="0.0" />
							<rotate angle="-0.035521">
								<axis x="-0.618937" y="0.529017" z="-0.580567" />
							</rotate>
						</keyframe>
						<keyframe time="0.566667">
							<translate x="0.0" y="0.0" z="0.0" />
							<rotate angle="-0.0803332">
								<axis x="-0.249006" y="0.356466" z="-0.900516" />
							</rotate>
						</keyframe>
						<keyframe time="0.6">
							<translate x="0.0" y="0.0" z="0.0" />
							<rotate angle="-0.114665">
								<axis x="-0.138425" y="0.323931" z="-0.935899" />
							</rotate>
						</keyframe>
						<keyframe time="0.633333">
							<translate x="0.0" y="0.0" z="0.0" />
							<rotate angle="-0.13745">
								<axis x="-0.0781145" y="0.316726" z="-0.945295" />
							</rotate>
						</keyframe>
						<keyframe time="0.666667">
							<translate x="0.0" y="0.0" z="0.0" />
							<rotate angle="-0.154005">
								<axis x="-0.0413344" y="0.307473" z="-0.950659" />
							</rotate>
						</keyframe>
						<keyframe time="0.7">
							<translate x="0.0" y="0.0" z="0.0" />
							<rotate angle="-0.173616">
								<axis x="-0.0282019" y="0.279533" z="-0.959722" />
							</rotate>
						</keyframe>
						<keyframe time="0.733333">
							<translate x="0.0" y="0.0" z="0.0" />
							<rotate angle="-0.205475">
								<axis x="-0.0275101" y="0.224162" z="-0.974164" />
							</rotate>
						</keyframe>
						<keyframe time="0.766667">
							<translate x="0.0" y="0.0" z="0.0" />
							<rotate angle="-0.248526">
								<axis x="-0.0256243" y="0.160272" z="-0.98674" />
							</rotate>
						</keyframe>
						<keyframe time="0.8">
							<translate x="0.0" y="0.0" z="0.0" />
							<rotate angle="-0.297581">
								<axis x="-0.0227057" y="0.105221" z="-0.99419" />
							</rotate>
						</keyframe>
						<keyframe time="0.833333">
							<translate x="0.0" y="0.0" z="0.0" />
							<rotate angle="-0.342824">
								<axis x="-0.0196042" y="0.0632154" z="-0.997807" />
							</rotate>
						</keyframe>
						<keyframe time="0.866667">
							<translate x="0.0" y="0.0" z="0.0" />
							<rotate angle="-0.369177">
								<axis x="-0.0175523" y="0.0329217" z="-0.999304" />
							</rotate>
						</keyframe>
						<keyframe time="0.9">
							<translate x="0.0" y="0.0" z="0.0" />
							<rotate angle="-0.362592">
								<axis x="-0.0184197" y="0.0122907" z="-0.999755" />
							</rotate>
						</keyframe>
						<keyframe time="0.933333">
							<translate x="0.0" y="0.0" z="0.0" />
							<rotate angle="-0.308845">
								<axis x="-0.0201716" y="0.0105137" z="-0.999741" />
							</rotate>
						</keyframe>
						<keyframe time="0.966667">
							<translate x="0.0" y="0.0" z="0.0" />
							<rotate angle="-0.214154">
								<axis x="-0.0196168" y="0.0315663" z="-0.999309" />
							</rotate>
						</keyframe>
						<keyframe time="1.0">
							<translate x="0.0" y="0.0" z="0.0" />
							<rotate angle="-0.0831946">
								<axis x="-0.0288817" y="0.0600388" z="-0.997778" />
							</rotate>
						</keyframe>
					</keyframes>
				</track>
				<track bone = "Bip01_L_Toe0">
					<keyframes>
						<keyframe time="0.0">
							<translate x="0.0" y="0.0" z="0.0" />
							<rotate angle="0.0">
								<axis x="0.00396755" y="0.00475682" z="-0.999981" />
							</rotate>
						</keyframe>
						<keyframe time="0.0333333">
							<translate x="0.0" y="0.0" z="0.0" />
							<rotate angle="0.0">
								<axis x="-0.013784" y="0.0034836" z="-0.999899" />
							</rotate>
						</keyframe>
						<keyframe time="0.0666667">
							<translate x="0.0" y="0.0" z="0.0" />
							<rotate angle="0.0">
								<axis x="0.00811861" y="0.00568938" z="-0.999951" />
							</rotate>
						</keyframe>
						<keyframe time="0.1">
							<translate x="0.0" y="0.0" z="0.0" />
							<rotate angle="0.0">
								<axis x="0.489116" y="-0.717184" z="0.4964" />
							</rotate>
						</keyframe>
						<keyframe time="0.133333">
							<translate x="0.0" y="0.0" z="0.0" />
							<rotate angle="0.0">
								<axis x="-0.012126" y="0.00650455" z="-0.999905" />
							</rotate>
						</keyframe>
						<keyframe time="0.166667">
							<translate x="0.0" y="0.0" z="0.0" />
							<rotate angle="0.0">
								<axis x="-0.0686772" y="-0.00159205" z="-0.997638" />
							</rotate>
						</keyframe>
						<keyframe time="0.2">
							<translate x="0.0" y="0.0" z="0.0" />
							<rotate angle="0.0">
								<axis x="-0.0383198" y="0.000402107" z="-0.999265" />
							</rotate>
						</keyframe>
						<keyframe time="0.233333">
							<translate x="0.0" y="0.0" z="0.0" />
							<rotate angle="0.0">
								<axis x="-0.000799547" y="0.00138792" z="-0.999999" />
							</rotate>
						</keyframe>
						<keyframe time="0.266667">
							<translate x="0.0" y="0.0" z="0.0" />
							<rotate angle="0.0">
								<axis x="-0.00316232" y="0.000447094" z="-0.999995" />
							</rotate>
						</keyframe>
						<keyframe time="0.3">
							<translate x="0.0" y="0.0" z="0.0" />
							<rotate angle="0.0">
								<axis x="-0.119777" y="-0.00830766" z="-0.992766" />
							</rotate>
						</keyframe>
						<keyframe time="0.333333">
							<translate x="0.0" y="0.0" z="0.0" />
							<rotate angle="0.0">
								<axis x="-0.0038998" y="0.00733189" z="-0.999965" />
							</rotate>
						</keyframe>
						<keyframe time="0.366667">
							<translate x="0.0" y="0.0" z="0.0" />
							<rotate angle="0.0">
								<axis x="0.00864724" y="0.0029227" z="-0.999958" />
							</rotate>
						</keyframe>
						<keyframe time="0.4">
							<translate x="0.0" y="0.0" z="0.0" />
							<rotate angle="0.0">
								<axis x="0.00572823" y="0.00378026" z="-0.999976" />
							</rotate>
						</keyframe>
						<keyframe time="0.433333">
							<translate x="0.0" y="0.0" z="0.0" />
							<rotate angle="0.0">
								<axis x="-0.0473026" y="0.00286267" z="-0.998877" />
							</rotate>
						</keyframe>
						<keyframe time="0.466667">
							<translate x="0.0" y="0.0" z="0.0" />
							<rotate angle="0.0">
								<axis x="0.00899194" y="0.00214602" z="-0.999957" />
							</rotate>
						</keyframe>
						<keyframe time="0.5">
							<translate x="0.0" y="0.0" z="0.0" />
							<rotate angle="0.0">
								<axis x="-6.95011e-005" y="3.45107e-005" z="-1.0" />
							</rotate>
						</keyframe>
						<keyframe time="0.533333">
							<translate x="0.0" y="0.0" z="0.0" />
							<rotate angle="0.0">
								<axis x="-6.95011e-005" y="3.45107e-005" z="-1.0" />
							</rotate>
						</keyframe>
						<keyframe time="0.566667">
							<translate x="0.0" y="0.0" z="0.0" />
							<rotate angle="0.0">
								<axis x="-6.95011e-005" y="3.45107e-005" z="-1.0" />
							</rotate>
						</keyframe>
						<keyframe time="0.6">
							<translate x="0.0" y="0.0" z="0.0" />
							<rotate angle="0.0">
								<axis x="-6.9417e-005" y="3.45107e-005" z="-1.0" />
							</rotate>
						</keyframe>
						<keyframe time="0.633333">
							<translate x="0.0" y="0.0" z="0.0" />
							<rotate angle="0.0">
								<axis x="-6.95853e-005" y="3.45107e-005" z="-1.0" />
							</rotate>
						</keyframe>
						<keyframe time="0.666667">
							<translate x="0.0" y="0.0" z="0.0" />
							<rotate angle="0.0">
								<axis x="-6.9417e-005" y="3.45107e-005" z="-1.0" />
							</rotate>
						</keyframe>
						<keyframe time="0.7">
							<translate x="0.0" y="0.0" z="0.0" />
							<rotate angle="0.0">
								<axis x="-6.95011e-005" y="3.45107e-005" z="-1.0" />
							</rotate>
						</keyframe>
						<keyframe time="0.733333">
							<translate x="0.0" y="0.0" z="0.0" />
							<rotate angle="0.0">
								<axis x="-0.00666333" y="-3.74805e-005" z="-0.999978" />
							</rotate>
						</keyframe>
						<keyframe time="0.766667">
							<translate x="0.0" y="0.0" z="0.0" />
							<rotate angle="0.0">
								<axis x="0.00078847" y="5.46589e-005" z="-1.0" />
							</rotate>
						</keyframe>
						<keyframe time="0.8">
							<translate x="0.0" y="0.0" z="0.0" />
							<rotate angle="0.0">
								<axis x="0.0271032" y="0.000579658" z="-0.999632" />
							</rotate>
						</keyframe>
						<keyframe time="0.833333">
							<translate x="0.0" y="0.0" z="0.0" />
							<rotate angle="0.0">
								<axis x="-0.0465499" y="-0.000432053" z="-0.998916" />
							</rotate>
						</keyframe>
						<keyframe time="0.866667">
							<translate x="0.0" y="0.0" z="0.0" />
							<rotate angle="0.0">
								<axis x="0.00164315" y="0.00116366" z="-0.999998" />
							</rotate>
						</keyframe>
						<keyframe time="0.9">
							<translate x="0.0" y="0.0" z="0.0" />
							<rotate angle="0.0">
								<axis x="-0.00584744" y="-0.0010689" z="-0.999982" />
							</rotate>
						</keyframe>
						<keyframe time="0.933333">
							<translate x="0.0" y="0.0" z="0.0" />
							<rotate angle="0.0">
								<axis x="-0.114388" y="0.0249798" z="-0.993122" />
							</rotate>
						</keyframe>
						<keyframe time="0.966667">
							<translate x="0.0" y="0.0" z="0.0" />
							<rotate angle="0.0">
								<axis x="0.0104355" y="-0.000185808" z="-0.999946" />
							</rotate>
						</keyframe>
						<keyframe time="1.0">
							<translate x="0.0" y="0.0" z="0.0" />
							<rotate angle="0.0">
								<axis x="-0.00269105" y="-0.000680625" z="-0.999996" />
							</rotate>
						</keyframe>
					</keyframes>
				</track>
				<track bone = "Bip01_R_Thigh">
					<keyframes>
						<keyframe time="0.0">
							<translate x="0.316064" y="-0.0016801" z="-0.037683" />
							<rotate angle="-0.594119">
								<axis x="-0.016537" y="0.0639444" z="-0.997816" />
							</rotate>
						</keyframe>
						<keyframe time="0.0333333">
							<translate x="0.37361" y="-0.00138977" z="-0.0625043" />
							<rotate angle="-0.578324">
								<axis x="-0.00198727" y="0.116641" z="-0.993172" />
							</rotate>
						</keyframe>
						<keyframe time="0.0666667">
							<translate x="0.427527" y="-0.00112986" z="-0.0849972" />
							<rotate angle="-0.535494">
								<axis x="0.0140355" y="0.176834" z="-0.984141" />
							</rotate>
						</keyframe>
						<keyframe time="0.1">
							<translate x="0.475943" y="-0.00090314" z="-0.10457" />
							<rotate angle="-0.472246">
								<axis x="0.0306868" y="0.251357" z="-0.967408" />
							</rotate>
						</keyframe>
						<keyframe time="0.133333">
							<translate x="0.516941" y="-0.000715376" z="-0.120687" />
							<rotate angle="-0.396929">
								<axis x="0.0473873" y="0.349265" z="-0.935825" />
							</rotate>
						</keyframe>
						<keyframe time="0.166667">
							<translate x="0.54859" y="-0.000575691" z="-0.132848" />
							<rotate angle="-0.317733">
								<axis x="0.0626013" y="0.483936" z="-0.872861" />
							</rotate>
						</keyframe>
						<keyframe time="0.2">
							<translate x="0.568966" y="-0.000489328" z="-0.14055" />
							<rotate angle="-0.245051">
								<axis x="0.0715702" y="0.667026" z="-0.741589" />
							</rotate>
						</keyframe>
						<keyframe time="0.233333">
							<translate x="0.576171" y="-0.000456475" z="-0.14325" />
							<rotate angle="-0.192612">
								<axis x="0.0632418" y="0.867577" z="-0.493266" />
							</rotate>
						</keyframe>
						<keyframe time="0.266667">
							<translate x="0.566029" y="-0.000497945" z="-0.139593" />
							<rotate angle="-0.166707">
								<axis x="0.043267" y="0.975378" z="-0.216254" />
							</rotate>
						</keyframe>
						<keyframe time="0.3">
							<translate x="0.537703" y="-0.000610641" z="-0.129242" />
							<rotate angle="-0.149441">
								<axis x="0.0248176" y="0.999007" z="0.0370043" />
							</rotate>
						</keyframe>
						<keyframe time="0.333333">
							<translate x="0.494417" y="-0.000787287" z="-0.11302" />
							<rotate angle="-0.140888">
								<axis x="-0.00419909" y="0.9134" z="0.407041" />
							</rotate>
						</keyframe>
						<keyframe time="0.366667">
							<translate x="0.439431" y="-0.0010252" z="-0.0917044" />
							<rotate angle="-0.159451">
								<axis x="-0.0344196" y="0.64121" z="0.766593" />
							</rotate>
						</keyframe>
						<keyframe time="0.4">
							<translate x="0.375994" y="-0.00131716" z="-0.0661097" />
							<rotate angle="-0.203203">
								<axis x="-0.0486073" y="0.35267" z="0.934484" />
							</rotate>
						</keyframe>
						<keyframe time="0.433333">
							<translate x="0.307296" y="-0.00165019" z="-0.0371561" />
							<rotate angle="-0.240296">
								<axis x="-0.0388581" y="0.15943" z="0.986444" />
							</rotate>
						</keyframe>
						<keyframe time="0.466667">
							<translate x="0.236433" y="-0.00201458" z="-0.00591469" />
							<rotate angle="-0.277958">
								<axis x="-0.0171079" y="0.0114644" z="0.999788" />
							</rotate>
						</keyframe>
						<keyframe time="0.5">
							<translate x="0.166382" y="-0.00239393" z="0.0263762" />
							<rotate angle="-0.308012">
								<axis x="-0.00711092" y="-0.102481" z="0.99471" />
							</rotate>
						</keyframe>
						<keyframe time="0.533333">
							<translate x="0.0999875" y="-0.0027748" z="0.0583072" />
							<rotate angle="-0.3024">
								<axis x="-0.00175886" y="-0.187179" z="0.982324" />
							</rotate>
						</keyframe>
						<keyframe time="0.566667">
							<translate x="0.0399585" y="-0.00313572" z="0.0883131" />
							<rotate angle="-0.281152">
								<axis x="-0.00371106" y="-0.286363" z="0.958114" />
							</rotate>
						</keyframe>
						<keyframe time="0.6">
							<translate x="-0.0111049" y="-0.00345525" z="0.114709" />
							<rotate angle="-0.248092">
								<axis x="-0.0155779" y="-0.41078" z="0.911601" />
							</rotate>
						</keyframe>
						<keyframe time="0.633333">
							<translate x="-0.0506858" y="-0.00371093" z="0.13573" />
							<rotate angle="-0.208084">
								<axis x="-0.0422781" y="-0.573758" z="0.817933" />
							</rotate>
						</keyframe>
						<keyframe time="0.666667">
							<translate x="-0.0762984" y="-0.00388013" z="0.149599" />
							<rotate angle="-0.168516">
								<axis x="-0.0906991" y="-0.780459" z="0.618594" />
							</rotate>
						</keyframe>
						<keyframe time="0.7">
							<translate x="-0.0854136" y="-0.00394105" z="0.154586" />
							<rotate angle="-0.142137">
								<axis x="-0.15773" y="-0.963069" z="0.21822" />
							</rotate>
						</keyframe>
						<keyframe time="0.733333">
							<translate x="-0.0806222" y="-0.00388171" z="0.15196" />
							<rotate angle="-0.166908">
								<axis x="-0.195593" y="-0.816823" z="-0.542718" />
							</rotate>
						</keyframe>
						<keyframe time="0.766667">
							<translate x="-0.0668777" y="-0.00371541" z="0.144473" />
							<rotate angle="-0.287686">
								<axis x="-0.155217" y="-0.457594" z="-0.875508" />
							</rotate>
						</keyframe>
						<keyframe time="0.8">
							<translate x="-0.0451013" y="-0.00346035" z="0.132734" />
							<rotate angle="-0.398649">
								<axis x="-0.130914" y="-0.30998" z="-0.941687" />
							</rotate>
						</keyframe>
						<keyframe time="0.833333">
							<translate x="-0.0161949" y="-0.00313524" z="0.117382" />
							<rotate angle="-0.445292">
								<axis x="-0.119678" y="-0.254029" z="-0.959764" />
							</rotate>
						</keyframe>
						<keyframe time="0.866667">
							<translate x="0.0189583" y="-0.00275888" z="0.0990686" />
							<rotate angle="-0.45563">
								<axis x="-0.111699" y="-0.220583" z="-0.968951" />
							</rotate>
						</keyframe>
						<keyframe time="0.9">
							<translate x="0.0594594" y="-0.00235008" z="0.0784421" />
							<rotate angle="-0.452202">
								<axis x="-0.103665" y="-0.189933" z="-0.976309" />
							</rotate>
						</keyframe>
						<keyframe time="0.933333">
							<translate x="0.1044" y="-0.00192727" z="0.0561414" />
							<rotate angle="-0.514991">
								<axis x="-0.081184" y="-0.120817" z="-0.989349" />
							</rotate>
						</keyframe>
						<keyframe time="0.966667">
							<translate x="0.152846" y="-0.0015084" z="0.0327773" />
							<rotate angle="-0.519006">
								<axis x="-0.0599718" y="-0.0749167" z="-0.995385" />
							</rotate>
						</keyframe>
						<keyframe time="1.0">
							<translate x="0.203831" y="-0.0011107" z="0.00893402" />
							<rotate angle="-0.506704">
								<axis x="-0.0444419" y="-0.0276149" z="-0.99863" />
							</rotate>
						</keyframe>
					</keyframes>
				</track>
				<track bone = "Bip01_R_Calf">
					<keyframes>
						<keyframe time="0.0">
							<translate x="0.0" y="0.0" z="0.0" />
							<rotate angle="-0.130923">
								<axis x="0.0" y="0.0" z="-1.0" />
							</rotate>
						</keyframe>
						<keyframe time="0.0333333">
							<translate x="0.0" y="0.0" z="0.0" />
							<rotate angle="-0.0595004">
								<axis x="0.0" y="0.0" z="-1.0" />
							</rotate>
						</keyframe>
						<keyframe time="0.0666667">
							<translate x="0.0" y="0.0" z="0.0" />
							<rotate angle="-0.0387013">
								<axis x="0.0" y="0.0" z="-1.0" />
							</rotate>
						</keyframe>
						<keyframe time="0.1">
							<translate x="0.0" y="0.0" z="0.0" />
							<rotate angle="-0.0605728">
								<axis x="0.0" y="0.0" z="-1.0" />
							</rotate>
						</keyframe>
						<keyframe time="0.133333">
							<translate x="0.0" y="0.0" z="0.0" />
							<rotate angle="-0.114336">
								<axis x="0.0" y="0.0" z="-1.0" />
							</rotate>
						</keyframe>
						<keyframe time="0.166667">
							<translate x="0.0" y="0.0" z="0.0" />
							<rotate angle="-0.189807">
								<axis x="0.0" y="0.0" z="-1.0" />
							</rotate>
						</keyframe>
						<keyframe time="0.2">
							<translate x="0.0" y="0.0" z="0.0" />
							<rotate angle="-0.273905">
								<axis x="0.0" y="0.0" z="-1.0" />
							</rotate>
						</keyframe>
						<keyframe time="0.233333">
							<translate x="0.0" y="0.0" z="0.0" />
							<rotate angle="-0.345856">
								<axis x="0.0" y="0.0" z="-1.0" />
							</rotate>
						</keyframe>
						<keyframe time="0.266667">
							<translate x="0.0" y="0.0" z="0.0" />
							<rotate angle="-0.3635">
								<axis x="0.0" y="0.0" z="-1.0" />
							</rotate>
						</keyframe>
						<keyframe time="0.3">
							<translate x="0.0" y="0.0" z="0.0" />
							<rotate angle="-0.341412">
								<axis x="0.0" y="0.0" z="-1.0" />
							</rotate>
						</keyframe>
						<keyframe time="0.333333">
							<translate x="0.0" y="0.0" z="0.0" />
							<rotate angle="-0.333695">
								<axis x="0.0" y="0.0" z="-1.0" />
							</rotate>
						</keyframe>
						<keyframe time="0.366667">
							<translate x="0.0" y="0.0" z="0.0" />
							<rotate angle="-0.351137">
								<axis x="0.0" y="0.0" z="-1.0" />
							</rotate>
						</keyframe>
						<keyframe time="0.4">
							<translate x="0.0" y="0.0" z="0.0" />
							<rotate angle="-0.380662">
								<axis x="0.0" y="0.0" z="-1.0" />
							</rotate>
						</keyframe>
						<keyframe time="0.433333">
							<translate x="0.0" y="0.0" z="0.0" />
							<rotate angle="-0.380814">
								<axis x="0.0" y="0.0" z="-1.0" />
							</rotate>
						</keyframe>
						<keyframe time="0.466667">
							<translate x="0.0" y="0.0" z="0.0" />
							<rotate angle="-0.381085">
								<axis x="0.0" y="0.0" z="-1.0" />
							</rotate>
						</keyframe>
						<keyframe time="0.5">
							<translate x="0.0" y="0.0" z="0.0" />
							<rotate angle="-0.381252">
								<axis x="0.0" y="0.0" z="-1.0" />
							</rotate>
						</keyframe>
						<keyframe time="0.533333">
							<translate x="0.0" y="0.0" z="0.0" />
							<rotate angle="-0.412595">
								<axis x="0.0" y="0.0" z="-1.0" />
							</rotate>
						</keyframe>
						<keyframe time="0.566667">
							<translate x="0.0" y="0.0" z="0.0" />
							<rotate angle="-0.491787">
								<axis x="0.0" y="0.0" z="-1.0" />
							</rotate>
						</keyframe>
						<keyframe time="0.6">
							<translate x="0.0" y="0.0" z="0.0" />
							<rotate angle="-0.596567">
								<axis x="0.0" y="0.0" z="-1.0" />
							</rotate>
						</keyframe>
						<keyframe time="0.633333">
							<translate x="0.0" y="0.0" z="0.0" />
							<rotate angle="-0.704677">
								<axis x="0.0" y="0.0" z="-1.0" />
							</rotate>
						</keyframe>
						<keyframe time="0.666667">
							<translate x="0.0" y="0.0" z="0.0" />
							<rotate angle="-0.793859">
								<axis x="0.0" y="0.0" z="-1.0" />
							</rotate>
						</keyframe>
						<keyframe time="0.7">
							<translate x="0.0" y="0.0" z="0.0" />
							<rotate angle="-0.841853">
								<axis x="0.0" y="0.0" z="-1.0" />
							</rotate>
						</keyframe>
						<keyframe time="0.733333">
							<translate x="0.0" y="0.0" z="0.0" />
							<rotate angle="-0.788084">
								<axis x="0.0" y="0.0" z="-1.0" />
							</rotate>
						</keyframe>
						<keyframe time="0.766667">
							<translate x="0.0" y="0.0" z="0.0" />
							<rotate angle="-0.658601">
								<axis x="0.0" y="0.0" z="-1.0" />
							</rotate>
						</keyframe>
						<keyframe time="0.8">
							<translate x="0.0" y="0.0" z="0.0" />
							<rotate angle="-0.561077">
								<axis x="0.0" y="0.0" z="-1.0" />
							</rotate>
						</keyframe>
						<keyframe time="0.833333">
							<translate x="0.0" y="0.0" z="0.0" />
							<rotate angle="-0.542564">
								<axis x="0.0" y="0.0" z="-1.0" />
							</rotate>
						</keyframe>
						<keyframe time="0.866667">
							<translate x="0.0" y="0.0" z="0.0" />
							<rotate angle="-0.556011">
								<axis x="0.0" y="0.0" z="-1.0" />
							</rotate>
						</keyframe>
						<keyframe time="0.9">
							<translate x="0.0" y="0.0" z="0.0" />
							<rotate angle="-0.567934">
								<axis x="0.0" y="0.0" z="-1.0" />
							</rotate>
						</keyframe>
						<keyframe time="0.933333">
							<translate x="0.0" y="0.0" z="0.0" />
							<rotate angle="-0.37435">
								<axis x="0.0" y="0.0" z="-1.0" />
							</rotate>
						</keyframe>
						<keyframe time="0.966667">
							<translate x="0.0" y="0.0" z="0.0" />
							<rotate angle="-0.317621">
								<axis x="0.0" y="0.0" z="-1.0" />
							</rotate>
						</keyframe>
						<keyframe time="1.0">
							<translate x="0.0" y="0.0" z="0.0" />
							<rotate angle="-0.274187">
								<axis x="0.0" y="0.0" z="-1.0" />
							</rotate>
						</keyframe>
					</keyframes>
				</track>
				<track bone = "Bip01_R_Foot">
					<keyframes>
						<keyframe time="0.0">
							<translate x="0.0" y="0.0" z="0.0" />
							<rotate angle="-0.366147">
								<axis x="0.056331" y="-0.0256943" z="0.998081" />
							</rotate>
						</keyframe>
						<keyframe time="0.0333333">
							<translate x="0.0" y="0.0" z="0.0" />
							<rotate angle="-0.276202">
								<axis x="0.0759448" y="-0.0656476" z="0.994949" />
							</rotate>
						</keyframe>
						<keyframe time="0.0666667">
							<translate x="0.0" y="0.0" z="0.0" />
							<rotate angle="-0.208638">
								<axis x="0.0926545" y="-0.127759" z="0.987468" />
							</rotate>
						</keyframe>
						<keyframe time="0.1">
							<translate x="0.0" y="0.0" z="0.0" />
							<rotate angle="-0.161782">
								<axis x="0.0991473" y="-0.211712" z="0.97229" />
							</rotate>
						</keyframe>
						<keyframe time="0.133333">
							<translate x="0.0" y="0.0" z="0.0" />
							<rotate angle="-0.132201">
								<axis x="0.0879997" y="-0.305085" z="0.948251" />
							</rotate>
						</keyframe>
						<keyframe time="0.166667">
							<translate x="0.0" y="0.0" z="0.0" />
							<rotate angle="-0.115653">
								<axis x="0.060631" y="-0.385284" z="0.920804" />
							</rotate>
						</keyframe>
						<keyframe time="0.2">
							<translate x="0.0" y="0.0" z="0.0" />
							<rotate angle="-0.10582">
								<axis x="0.0324528" y="-0.443226" z="0.895822" />
							</rotate>
						</keyframe>
						<keyframe time="0.233333">
							<translate x="0.0" y="0.0" z="0.0" />
							<rotate angle="-0.0929974">
								<axis x="0.0247281" y="-0.512138" z="0.858547" />
							</rotate>
						</keyframe>
						<keyframe time="0.266667">
							<translate x="0.0" y="0.0" z="0.0" />
							<rotate angle="-0.0644078">
								<axis x="0.050544" y="-0.694782" z="0.717442" />
							</rotate>
						</keyframe>
						<keyframe time="0.3">
							<translate x="0.0" y="0.0" z="0.0" />
							<rotate angle="-0.0380615">
								<axis x="0.121775" y="-0.982154" z="-0.143331" />
							</rotate>
						</keyframe>
						<keyframe time="0.333333">
							<translate x="0.0" y="0.0" z="0.0" />
							<rotate angle="-0.068415">
								<axis x="0.0867605" y="-0.400305" z="-0.912266" />
							</rotate>
						</keyframe>
						<keyframe time="0.366667">
							<translate x="0.0" y="0.0" z="0.0" />
							<rotate angle="-0.104513">
								<axis x="0.0675308" y="-0.155012" z="-0.985602" />
							</rotate>
						</keyframe>
						<keyframe time="0.4">
							<translate x="0.0" y="0.0" z="0.0" />
							<rotate angle="-0.102448">
								<axis x="0.0838314" y="-0.0582254" z="-0.994777" />
							</rotate>
						</keyframe>
						<keyframe time="0.433333">
							<translate x="0.0" y="0.0" z="0.0" />
							<rotate angle="-0.0544094">
								<axis x="0.149515" y="-0.0602127" z="-0.986924" />
							</rotate>
						</keyframe>
						<keyframe time="0.466667">
							<translate x="0.0" y="0.0" z="0.0" />
							<rotate angle="-0.0356885">
								<axis x="0.126209" y="-0.173255" z="0.976757" />
							</rotate>
						</keyframe>
						<keyframe time="0.5">
							<translate x="0.0" y="0.0" z="0.0" />
							<rotate angle="-0.187723">
								<axis x="0.0118986" y="-0.0165641" z="0.999792" />
							</rotate>
						</keyframe>
						<keyframe time="0.533333">
							<translate x="0.0" y="0.0" z="0.0" />
							<rotate angle="-0.203326">
								<axis x="0.0143578" y="-0.0136002" z="0.999804" />
							</rotate>
						</keyframe>
						<keyframe time="0.566667">
							<translate x="0.0" y="0.0" z="0.0" />
							<rotate angle="-0.24274">
								<axis x="0.0200261" y="-0.00836463" z="0.999765" />
							</rotate>
						</keyframe>
						<keyframe time="0.6">
							<translate x="0.0" y="0.0" z="0.0" />
							<rotate angle="-0.294862">
								<axis x="0.026718" y="-0.00488298" z="0.999631" />
							</rotate>
						</keyframe>
						<keyframe time="0.633333">
							<translate x="0.0" y="0.0" z="0.0" />
							<rotate angle="-0.348577">
								<axis x="0.0333425" y="-0.00409793" z="0.999435" />
							</rotate>
						</keyframe>
						<keyframe time="0.666667">
							<translate x="0.0" y="0.0" z="0.0" />
							<rotate angle="-0.392757">
								<axis x="0.0396062" y="-0.00533646" z="0.999201" />
							</rotate>
						</keyframe>
						<keyframe time="0.7">
							<translate x="0.0" y="0.0" z="0.0" />
							<rotate angle="-0.416264">
								<axis x="0.0458278" y="-0.00743652" z="0.998922" />
							</rotate>
						</keyframe>
						<keyframe time="0.733333">
							<translate x="0.0" y="0.0" z="0.0" />
							<rotate angle="-0.388572">
								<axis x="0.0581437" y="-0.00955098" z="0.998263" />
							</rotate>
						</keyframe>
						<keyframe time="0.766667">
							<translate x="0.0" y="0.0" z="0.0" />
							<rotate angle="-0.322781">
								<axis x="0.0808098" y="-0.0117165" z="0.996661" />
							</rotate>
						</keyframe>
						<keyframe time="0.8">
							<translate x="0.0" y="0.0" z="0.0" />
							<rotate angle="-0.273056">
								<axis x="0.104822" y="-0.0140679" z="0.994392" />
							</rotate>
						</keyframe>
						<keyframe time="0.833333">
							<translate x="0.0" y="0.0" z="0.0" />
							<rotate angle="-0.26253">
								<axis x="0.114441" y="-0.0164414" z="0.993294" />
							</rotate>
						</keyframe>
						<keyframe time="0.866667">
							<translate x="0.0" y="0.0" z="0.0" />
							<rotate angle="-0.267834">
								<axis x="0.114825" y="-0.0181141" z="0.99322" />
							</rotate>
						</keyframe>
						<keyframe time="0.9">
							<translate x="0.0" y="0.0" z="0.0" />
							<rotate angle="-0.273123">
								<axis x="0.113317" y="-0.0186939" z="0.993383" />
							</rotate>
						</keyframe>
						<keyframe time="0.933333">
							<translate x="0.0" y="0.0" z="0.0" />
							<rotate angle="-0.245687">
								<axis x="0.110711" y="-0.00871361" z="0.993814" />
							</rotate>
						</keyframe>
						<keyframe time="0.966667">
							<translate x="0.0" y="0.0" z="0.0" />
							<rotate angle="-0.378708">
								<axis x="0.0560415" y="0.012984" z="0.998344" />
							</rotate>
						</keyframe>
						<keyframe time="1.0">
							<translate x="0.0" y="0.0" z="0.0" />
							<rotate angle="-0.422993">
								<axis x="0.0440685" y="0.0110279" z="0.998968" />
							</rotate>
						</keyframe>
					</keyframes>
				</track>
				<track bone = "Bip01_R_Toe0">
					<keyframes>
						<keyframe time="0.0">
							<translate x="0.0" y="0.0" z="0.0" />
							<rotate angle="0.0">
								<axis x="-0.000207297" y="-0.000263461" z="1.0" />
							</rotate>
						</keyframe>
						<keyframe time="0.0333333">
							<translate x="0.0" y="0.0" z="0.0" />
							<rotate angle="0.0">
								<axis x="-0.000207126" y="-0.000263461" z="1.0" />
							</rotate>
						</keyframe>
						<keyframe time="0.0666667">
							<translate x="0.0" y="0.0" z="0.0" />
							<rotate angle="0.0">
								<axis x="-0.000207211" y="-0.000263461" z="1.0" />
							</rotate>
						</keyframe>
						<keyframe time="0.1">
							<translate x="0.0" y="0.0" z="0.0" />
							<rotate angle="0.0">
								<axis x="-0.000207297" y="-0.000263461" z="1.0" />
							</rotate>
						</keyframe>
						<keyframe time="0.133333">
							<translate x="0.0" y="0.0" z="0.0" />
							<rotate angle="0.0">
								<axis x="-0.000207211" y="-0.000263461" z="1.0" />
							</rotate>
						</keyframe>
						<keyframe time="0.166667">
							<translate x="0.0" y="0.0" z="0.0" />
							<rotate angle="0.0">
								<axis x="-0.000207211" y="-0.000263461" z="1.0" />
							</rotate>
						</keyframe>
						<keyframe time="0.2">
							<translate x="0.0" y="0.0" z="0.0" />
							<rotate angle="0.0">
								<axis x="-0.000207126" y="-0.000263461" z="1.0" />
							</rotate>
						</keyframe>
						<keyframe time="0.233333">
							<translate x="0.0" y="0.0" z="0.0" />
							<rotate angle="0.0">
								<axis x="-0.000207211" y="-0.000263461" z="1.0" />
							</rotate>
						</keyframe>
						<keyframe time="0.266667">
							<translate x="0.0" y="0.0" z="0.0" />
							<rotate angle="0.0">
								<axis x="-0.00246886" y="-0.000314513" z="0.999997" />
							</rotate>
						</keyframe>
						<keyframe time="0.3">
							<translate x="0.0" y="0.0" z="0.0" />
							<rotate angle="0.0">
								<axis x="0.0217588" y="8.23132e-005" z="0.999763" />
							</rotate>
						</keyframe>
						<keyframe time="0.333333">
							<translate x="0.0" y="0.0" z="0.0" />
							<rotate angle="0.0">
								<axis x="0.0227875" y="-0.000937493" z="0.99974" />
							</rotate>
						</keyframe>
						<keyframe time="0.366667">
							<translate x="0.0" y="0.0" z="0.0" />
							<rotate angle="0.0">
								<axis x="0.0286198" y="-0.00201551" z="0.999588" />
							</rotate>
						</keyframe>
						<keyframe time="0.4">
							<translate x="0.0" y="0.0" z="0.0" />
							<rotate angle="0.0">
								<axis x="-0.027038" y="0.00245683" z="0.999631" />
							</rotate>
						</keyframe>
						<keyframe time="0.433333">
							<translate x="0.0" y="0.0" z="0.0" />
							<rotate angle="0.0">
								<axis x="-0.011101" y="-0.000398772" z="0.999938" />
							</rotate>
						</keyframe>
						<keyframe time="0.466667">
							<translate x="0.0" y="0.0" z="0.0" />
							<rotate angle="0.0">
								<axis x="0.0034651" y="0.00254172" z="0.999991" />
							</rotate>
						</keyframe>
						<keyframe time="0.5">
							<translate x="0.0" y="0.0" z="0.0" />
							<rotate angle="0.0">
								<axis x="0.00947192" y="0.00398578" z="0.999947" />
							</rotate>
						</keyframe>
						<keyframe time="0.533333">
							<translate x="0.0" y="0.0" z="0.0" />
							<rotate angle="0.0">
								<axis x="-0.02225" y="-0.00709021" z="0.999727" />
							</rotate>
						</keyframe>
						<keyframe time="0.566667">
							<translate x="0.0" y="0.0" z="0.0" />
							<rotate angle="0.0">
								<axis x="0.0122137" y="0.00839321" z="0.99989" />
							</rotate>
						</keyframe>
						<keyframe time="0.6">
							<translate x="0.0" y="0.0" z="0.0" />
							<rotate angle="0.0">
								<axis x="0.0344148" y="0.0133002" z="0.999319" />
							</rotate>
						</keyframe>
						<keyframe time="0.633333">
							<translate x="0.0" y="0.0" z="0.0" />
							<rotate angle="0.0">
								<axis x="-0.00981944" y="-0.00648737" z="0.999931" />
							</rotate>
						</keyframe>
						<keyframe time="0.666667">
							<translate x="0.0" y="0.0" z="0.0" />
							<rotate angle="0.0">
								<axis x="-0.0398401" y="-0.00132367" z="0.999205" />
							</rotate>
						</keyframe>
						<keyframe time="0.7">
							<translate x="0.0" y="0.0" z="0.0" />
							<rotate angle="0.0">
								<axis x="-0.00597006" y="-0.00550874" z="0.999967" />
							</rotate>
						</keyframe>
						<keyframe time="0.733333">
							<translate x="0.0" y="0.0" z="0.0" />
							<rotate angle="0.0">
								<axis x="-0.00460431" y="0.00252899" z="0.999986" />
							</rotate>
						</keyframe>
						<keyframe time="0.766667">
							<translate x="0.0" y="0.0" z="0.0" />
							<rotate angle="0.0">
								<axis x="-0.056613" y="-0.0186711" z="0.998222" />
							</rotate>
						</keyframe>
						<keyframe time="0.8">
							<translate x="0.0" y="0.0" z="0.0" />
							<rotate angle="0.0">
								<axis x="-0.0249889" y="0.011041" z="0.999627" />
							</rotate>
						</keyframe>
						<keyframe time="0.833333">
							<translate x="0.0" y="0.0" z="0.0" />
							<rotate angle="0.0">
								<axis x="-0.0699466" y="0.0116361" z="0.997483" />
							</rotate>
						</keyframe>
						<keyframe time="0.866667">
							<translate x="0.0" y="0.0" z="0.0" />
							<rotate angle="0.0">
								<axis x="0.0502385" y="-0.0228952" z="0.998475" />
							</rotate>
						</keyframe>
						<keyframe time="0.9">
							<translate x="0.0" y="0.0" z="0.0" />
							<rotate angle="0.0">
								<axis x="0.0410341" y="-0.00882232" z="0.999119" />
							</rotate>
						</keyframe>
						<keyframe time="0.933333">
							<translate x="0.0" y="0.0" z="0.0" />
							<rotate angle="0.0">
								<axis x="-0.00796358" y="-0.00787299" z="0.999937" />
							</rotate>
						</keyframe>
						<keyframe time="0.966667">
							<translate x="0.0" y="0.0" z="0.0" />
							<rotate angle="0.0">
								<axis x="-0.00109848" y="0.00105453" z="0.999999" />
							</rotate>
						</keyframe>
						<keyframe time="1.0">
							<translate x="0.0" y="0.0" z="0.0" />
							<rotate angle="0.0">
								<axis x="-0.000207211" y="-0.000263461" z="1.0" />
							</rotate>
						</keyframe>
					</keyframes>
				</track>
				<track bone = "Bip01_Neck">
					<keyframes>
						<keyframe time="0.0">
							<translate x="0.0" y="0.0" z="0.0" />
							<rotate angle="0.0">
								<axis x="0.011526" y="6.15068e-005" z="-0.999934" />
							</rotate>
						</keyframe>
						<keyframe time="0.0333333">
							<translate x="0.0" y="0.0" z="0.0" />
							<rotate angle="0.0">
								<axis x="-0.0161181" y="0.993171" z="0.115549" />
							</rotate>
						</keyframe>
						<keyframe time="0.0666667">
							<translate x="0.0" y="0.0" z="0.0" />
							<rotate angle="0.0">
								<axis x="0.00389326" y="-0.999838" z="0.0176057" />
							</rotate>
						</keyframe>
						<keyframe time="0.1">
							<translate x="0.0" y="0.0" z="0.0" />
							<rotate angle="0.0">
								<axis x="-0.00622988" y="-0.995547" z="0.0940651" />
							</rotate>
						</keyframe>
						<keyframe time="0.133333">
							<translate x="0.0" y="0.0" z="0.0" />
							<rotate angle="0.0">
								<axis x="-0.0978845" y="0.550171" z="0.829295" />
							</rotate>
						</keyframe>
						<keyframe time="0.166667">
							<translate x="0.0" y="0.0" z="0.0" />
							<rotate angle="0.0">
								<axis x="-0.212874" y="-0.00199915" z="0.977078" />
							</rotate>
						</keyframe>
						<keyframe time="0.2">
							<translate x="0.0" y="0.0" z="0.0" />
							<rotate angle="0.0">
								<axis x="0.0408012" y="0.935081" z="-0.352077" />
							</rotate>
						</keyframe>
						<keyframe time="0.233333">
							<translate x="0.0" y="0.0" z="0.0" />
							<rotate angle="0.0">
								<axis x="0.0241773" y="0.954843" z="0.296127" />
							</rotate>
						</keyframe>
						<keyframe time="0.266667">
							<translate x="0.0" y="0.0" z="0.0" />
							<rotate angle="0.0">
								<axis x="0.0377325" y="0.988089" z="-0.149185" />
							</rotate>
						</keyframe>
						<keyframe time="0.3">
							<translate x="0.0" y="0.0" z="0.0" />
							<rotate angle="0.0">
								<axis x="-0.0111286" y="0.999922" z="-0.00568894" />
							</rotate>
						</keyframe>
						<keyframe time="0.333333">
							<translate x="0.0" y="0.0" z="0.0" />
							<rotate angle="0.0">
								<axis x="0.00457571" y="-0.999989" z="-0.000880111" />
							</rotate>
						</keyframe>
						<keyframe time="0.366667">
							<translate x="0.0" y="0.0" z="0.0" />
							<rotate angle="0.0">
								<axis x="-0.0384925" y="-0.925291" z="0.377299" />
							</rotate>
						</keyframe>
						<keyframe time="0.4">
							<translate x="0.0" y="0.0" z="0.0" />
							<rotate angle="0.0">
								<axis x="0.00105684" y="-0.988362" z="-0.152114" />
							</rotate>
						</keyframe>
						<keyframe time="0.433333">
							<translate x="0.0" y="0.0" z="0.0" />
							<rotate angle="0.0">
								<axis x="0.00850276" y="-0.991413" z="0.130488" />
							</rotate>
						</keyframe>
						<keyframe time="0.466667">
							<translate x="0.0" y="0.0" z="0.0" />
							<rotate angle="0.0">
								<axis x="0.813627" y="-0.0140388" z="0.581218" />
							</rotate>
						</keyframe>
						<keyframe time="0.5">
							<translate x="0.0" y="0.0" z="0.0" />
							<rotate angle="0.0">
								<axis x="0.0454268" y="0.598805" z="0.799606" />
							</rotate>
						</keyframe>
						<keyframe time="0.533333">
							<translate x="0.0" y="0.0" z="0.0" />
							<rotate angle="0.0">
								<axis x="-0.0416031" y="0.848388" z="-0.527738" />
							</rotate>
						</keyframe>
						<keyframe time="0.566667">
							<translate x="0.0" y="0.0" z="0.0" />
							<rotate angle="0.0">
								<axis x="0.00108902" y="0.977455" z="0.211142" />
							</rotate>
						</keyframe>
						<keyframe time="0.6">
							<translate x="0.0" y="0.0" z="0.0" />
							<rotate angle="0.0">
								<axis x="0.0382438" y="-0.999262" z="0.00368854" />
							</rotate>
						</keyframe>
						<keyframe time="0.633333">
							<translate x="0.0" y="0.0" z="0.0" />
							<rotate angle="0.0">
								<axis x="-0.00734698" y="-0.999966" z="-0.0036828" />
							</rotate>
						</keyframe>
						<keyframe time="0.666667">
							<translate x="0.0" y="0.0" z="0.0" />
							<rotate angle="0.0">
								<axis x="-0.00104028" y="-0.99087" z="-0.134819" />
							</rotate>
						</keyframe>
						<keyframe time="0.7">
							<translate x="0.0" y="0.0" z="0.0" />
							<rotate angle="0.0">
								<axis x="0.0574064" y="-0.998206" z="-0.0169802" />
							</rotate>
						</keyframe>
						<keyframe time="0.733333">
							<translate x="0.0" y="0.0" z="0.0" />
							<rotate angle="0.0">
								<axis x="0.0103956" y="0.982883" z="0.183935" />
							</rotate>
						</keyframe>
						<keyframe time="0.766667">
							<translate x="0.0" y="0.0" z="0.0" />
							<rotate angle="0.0">
								<axis x="0.0110413" y="0.997008" z="0.0764991" />
							</rotate>
						</keyframe>
						<keyframe time="0.8">
							<translate x="0.0" y="0.0" z="0.0" />
							<rotate angle="0.0">
								<axis x="0.00361975" y="-0.994342" z="-0.10616" />
							</rotate>
						</keyframe>
						<keyframe time="0.833333">
							<translate x="0.0" y="0.0" z="0.0" />
							<rotate angle="0.0">
								<axis x="0.00545836" y="0.988425" z="-0.151615" />
							</rotate>
						</keyframe>
						<keyframe time="0.866667">
							<translate x="0.0" y="0.0" z="0.0" />
							<rotate angle="0.0">
								<axis x="-0.00800358" y="0.996906" z="-0.0782006" />
							</rotate>
						</keyframe>
						<keyframe time="0.9">
							<translate x="0.0" y="0.0" z="0.0" />
							<rotate angle="0.0">
								<axis x="0.0968864" y="0.913518" z="0.395091" />
							</rotate>
						</keyframe>
						<keyframe time="0.933333">
							<translate x="0.0" y="0.0" z="0.0" />
							<rotate angle="0.0">
								<axis x="0.0207606" y="-0.926032" z="0.376873" />
							</rotate>
						</keyframe>
						<keyframe time="0.966667">
							<translate x="0.0" y="0.0" z="0.0" />
							<rotate angle="0.0">
								<axis x="0.112927" y="-0.0935756" z="0.989187" />
							</rotate>
						</keyframe>
						<keyframe time="1.0">
							<translate x="0.0" y="0.0" z="0.0" />
							<rotate angle="0.0">
								<axis x="0.00693663" y="-0.985761" z="0.168011" />
							</rotate>
						</keyframe>
					</keyframes>
				</track>
				<track bone = "Bip01_Head">
					<keyframes>
						<keyframe time="0.0">
							<translate x="0.0" y="0.0" z="0.0" />
							<rotate angle="-0.0545845">
								<axis x="0.876718" y="0.476122" z="-0.0683567" />
							</rotate>
						</keyframe>
						<keyframe time="0.0333333">
							<translate x="0.0" y="0.0" z="0.0" />
							<rotate angle="-0.0669564">
								<axis x="0.710166" y="0.701963" z="-0.0539657" />
							</rotate>
						</keyframe>
						<keyframe time="0.0666667">
							<translate x="0.0" y="0.0" z="0.0" />
							<rotate angle="-0.0817983">
								<axis x="0.579451" y="0.813879" z="-0.0428586" />
							</rotate>
						</keyframe>
						<keyframe time="0.1">
							<translate x="0.0" y="0.0" z="0.0" />
							<rotate angle="-0.096583">
								<axis x="0.491313" y="0.870269" z="-0.0352534" />
							</rotate>
						</keyframe>
						<keyframe time="0.133333">
							<translate x="0.0" y="0.0" z="0.0" />
							<rotate angle="-0.109778">
								<axis x="0.435135" y="0.899861" z="-0.0301174" />
							</rotate>
						</keyframe>
						<keyframe time="0.166667">
							<translate x="0.0" y="0.0" z="0.0" />
							<rotate angle="-0.120328">
								<axis x="0.402246" y="0.915144" z="-0.0266433" />
							</rotate>
						</keyframe>
						<keyframe time="0.2">
							<translate x="0.0" y="0.0" z="0.0" />
							<rotate angle="-0.12741">
								<axis x="0.387784" y="0.921428" z="-0.0243516" />
							</rotate>
						</keyframe>
						<keyframe time="0.233333">
							<translate x="0.0" y="0.0" z="0.0" />
							<rotate angle="-0.130335">
								<axis x="0.390073" y="0.920496" z="-0.0230146" />
							</rotate>
						</keyframe>
						<keyframe time="0.266667">
							<translate x="0.0" y="0.0" z="0.0" />
							<rotate angle="-0.127989">
								<axis x="0.413893" y="0.910044" z="-0.0226227" />
							</rotate>
						</keyframe>
						<keyframe time="0.3">
							<translate x="0.0" y="0.0" z="0.0" />
							<rotate angle="-0.12049">
								<axis x="0.464279" y="0.885383" z="-0.0232782" />
							</rotate>
						</keyframe>
						<keyframe time="0.333333">
							<translate x="0.0" y="0.0" z="0.0" />
							<rotate angle="-0.109338">
								<axis x="0.544942" y="0.838092" z="-0.0252946" />
							</rotate>
						</keyframe>
						<keyframe time="0.366667">
							<translate x="0.0" y="0.0" z="0.0" />
							<rotate angle="-0.096494">
								<axis x="0.660553" y="0.750212" z="-0.0291859" />
							</rotate>
						</keyframe>
						<keyframe time="0.4">
							<translate x="0.0" y="0.0" z="0.0" />
							<rotate angle="-0.084658">
								<axis x="0.806201" y="0.590588" z="-0.0352923" />
							</rotate>
						</keyframe>
						<keyframe time="0.433333">
							<translate x="0.0" y="0.0" z="0.0" />
							<rotate angle="-0.0773539">
								<axis x="0.943122" y="0.3297" z="-0.0426417" />
							</rotate>
						</keyframe>
						<keyframe time="0.466667">
							<translate x="0.0" y="0.0" z="0.0" />
							<rotate angle="-0.0777812">
								<axis x="0.998837" y="-0.000503727" z="-0.0482213" />
							</rotate>
						</keyframe>
						<keyframe time="0.5">
							<translate x="0.0" y="0.0" z="0.0" />
							<rotate angle="-0.0862931">
								<axis x="0.953731" y="-0.296448" z="-0.0501555" />
							</rotate>
						</keyframe>
						<keyframe time="0.533333">
							<translate x="0.0" y="0.0" z="0.0" />
							<rotate angle="-0.100178">
								<axis x="0.864685" y="-0.499834" z="-0.0498665" />
							</rotate>
						</keyframe>
						<keyframe time="0.566667">
							<translate x="0.0" y="0.0" z="0.0" />
							<rotate angle="-0.116079">
								<axis x="0.779669" y="-0.624262" z="-0.0491147" />
							</rotate>
						</keyframe>
						<keyframe time="0.6">
							<translate x="0.0" y="0.0" z="0.0" />
							<rotate angle="-0.131327">
								<axis x="0.714152" y="-0.698304" z="-0.0485734" />
							</rotate>
						</keyframe>
						<keyframe time="0.633333">
							<translate x="0.0" y="0.0" z="0.0" />
							<rotate angle="-0.143947">
								<axis x="0.66913" y="-0.741573" z="-0.0483089" />
							</rotate>
						</keyframe>
						<keyframe time="0.666667">
							<translate x="0.0" y="0.0" z="0.0" />
							<rotate angle="-0.152417">
								<axis x="0.642658" y="-0.764635" z="-0.0482185" />
							</rotate>
						</keyframe>
						<keyframe time="0.7">
							<translate x="0.0" y="0.0" z="0.0" />
							<rotate angle="-0.15548">
								<axis x="0.633712" y="-0.772066" z="-0.0482014" />
							</rotate>
						</keyframe>
						<keyframe time="0.733333">
							<translate x="0.0" y="0.0" z="0.0" />
							<rotate angle="-0.153902">
								<axis x="0.638602" y="-0.768032" z="-0.0481073" />
							</rotate>
						</keyframe>
						<keyframe time="0.766667">
							<translate x="0.0" y="0.0" z="0.0" />
							<rotate angle="-0.149409">
								<axis x="0.652969" y="-0.755872" z="-0.0478447" />
							</rotate>
						</keyframe>
						<keyframe time="0.8">
							<translate x="0.0" y="0.0" z="0.0" />
							<rotate angle="-0.142414">
								<axis x="0.676842" y="-0.734598" z="-0.0474396" />
							</rotate>
						</keyframe>
						<keyframe time="0.833333">
							<translate x="0.0" y="0.0" z="0.0" />
							<rotate angle="-0.133396">
								<axis x="0.71074" y="-0.701888" z="-0.04691" />
							</rotate>
						</keyframe>
						<keyframe time="0.866667">
							<translate x="0.0" y="0.0" z="0.0" />
							<rotate angle="-0.122917">
								<axis x="0.755347" y="-0.653691" z="-0.0462572" />
							</rotate>
						</keyframe>
						<keyframe time="0.9">
							<translate x="0.0" y="0.0" z="0.0" />
							<rotate angle="-0.111653">
								<axis x="0.810793" y="-0.583566" z="-0.0454421" />
							</rotate>
						</keyframe>
						<keyframe time="0.933333">
							<translate x="0.0" y="0.0" z="0.0" />
							<rotate angle="-0.100442">
								<axis x="0.874974" y="-0.482134" z="-0.0443417" />
							</rotate>
						</keyframe>
						<keyframe time="0.966667">
							<translate x="0.0" y="0.0" z="0.0" />
							<rotate angle="-0.0903569">
								<axis x="0.940177" y="-0.338" z="-0.042687" />
							</rotate>
						</keyframe>
						<keyframe time="1.0">
							<translate x="0.0" y="0.0" z="0.0" />
							<rotate angle="-0.0826856">
								<axis x="0.988819" y="-0.143637" z="-0.0400566" />
							</rotate>
						</keyframe>
					</keyframes>
				</track>
			</tracks>
		</animation>
	</animations>
</skeleton>
