<skeleton>
	<bones>
		<bone id="0" name="Bip01">
			<position x="0.0" y="42.0877" z="0.0" />
			<rotation angle="-2.09439">
				<axis x="0.577351" y="0.57735" z="0.57735" />
			</rotation>
		</bone>
		<bone id="1" name="Bip01_Footsteps">
			<position x="0.0" y="0.0" z="-41.6347" />
			<rotation angle="-1.5708">
				<axis x="0.0" y="0.0" z="-1.0" />
			</rotation>
		</bone>
		<bone id="2" name="Bip01_Pelvis">
			<position x="0.0804452" y="0.0" z="0.0" />
			<rotation angle="-2.06577">
				<axis x="0.567484" y="0.567485" z="0.596593" />
			</rotation>
		</bone>
		<bone id="3" name="Bip01_Spine">
			<position x="4.33219" y="-0.00390203" z="0.216796" />
			<rotation angle="-0.0504481">
				<axis x="-0.00323967" y="0.99113" z="0.132854" />
			</rotation>
		</bone>
		<bone id="4" name="Bip01_Spine1">
			<position x="4.9034" y="-0.00390445" z="0.0" />
			<rotation angle="-0.00182698">
				<axis x="0.0" y="-2.7736e-006" z="1.0" />
			</rotation>
		</bone>
		<bone id="5" name="Bip01_Spine2">
			<position x="4.9034" y="-0.00390444" z="0.0" />
			<rotation angle="-0.00182698">
				<axis x="0.0" y="-2.7736e-006" z="1.0" />
			</rotation>
		</bone>
		<bone id="6" name="Bip01_Spine3">
			<position x="4.9034" y="-0.00390451" z="-4.15332e-007" />
			<rotation angle="-0.00182698">
				<axis x="0.0" y="-2.7736e-006" z="1.0" />
			</rotation>
		</bone>
		<bone id="7" name="Bip01_Neck">
			<position x="4.90341" y="-0.00225259" z="0.0" />
			<rotation angle="0.0">
				<axis x="0.000144676" y="-3.39034e-006" z="1.0" />
			</rotation>
		</bone>
		<bone id="8" name="Bip01_Head">
			<position x="2.82889" y="0.0" z="0.0" />
			<rotation angle="-0.051496">
				<axis x="-0.97092" y="-0.00598519" z="-0.23933" />
			</rotation>
		</bone>
		<bone id="9" name="Bip01_L_Clavicle">
			<position x="-2.48393" y="0.00422113" z="5.19625" />
			<rotation angle="-3.14111">
				<axis x="-0.792416" y="0.00031635" z="-0.609981" />
			</rotation>
		</bone>
		<bone id="10" name="Bip01_L_UpperArm">
			<position x="5.61918" y="0.0" z="2.71483e-006" />
			<rotation angle="-1.78879">
				<axis x="-0.158522" y="-0.979281" z="-0.126017" />
			</rotation>
		</bone>
		<bone id="11" name="Bip01_L_Forearm">
			<position x="12.9673" y="9.65957e-007" z="-4.42263e-007" />
			<rotation angle="-0.0999997">
				<axis x="0.0" y="0.0" z="1.0" />
			</rotation>
		</bone>
		<bone id="12" name="Bip01_L_Hand">
			<position x="12.9673" y="0.0" z="0.0" />
			<rotation angle="-1.57063">
				<axis x="0.999375" y="0.0250095" z="0.0249896" />
			</rotation>
		</bone>
		<bone id="13" name="Bip01_L_Finger0">
			<position x="5.40306" y="3.70082e-007" z="7.49203e-007" />
			<rotation angle="-0.000976563">
				<axis x="1.0" y="5.83557e-006" z="-3.6631e-006" />
			</rotation>
		</bone>
		<bone id="14" name="Bip01_R_Clavicle">
			<position x="-2.85282" y="0.00453354" z="-5.1801" />
			<rotation angle="-3.14208">
				<axis x="-0.797216" y="0.000316578" z="0.603694" />
			</rotation>
		</bone>
		<bone id="15" name="Bip01_R_UpperArm">
			<position x="5.80301" y="0.0" z="7.16646e-007" />
			<rotation angle="-1.74795">
				<axis x="0.0569862" y="0.997282" z="-0.0467027" />
			</rotation>
		</bone>
		<bone id="16" name="Bip01_R_Forearm">
			<position x="13.3915" y="2.9285e-007" z="-2.33909e-006" />
			<rotation angle="-0.0999997">
				<axis x="0.0" y="0.0" z="1.0" />
			</rotation>
		</bone>
		<bone id="17" name="Bip01_R_Hand">
			<position x="13.3915" y="0.0" z="-4.62946e-007" />
			<rotation angle="-1.57063">
				<axis x="-0.999375" y="-0.0250095" z="0.0249896" />
			</rotation>
		</bone>
		<bone id="18" name="Bip01_R_Finger0">
			<position x="5.57981" y="-1.27538e-006" z="0.0" />
			<rotation angle="-0.000976563">
				<axis x="-1.0" y="0.0" z="-3.69182e-006" />
			</rotation>
		</bone>
		<bone id="19" name="Bip01_L_Thigh">
			<position x="-4.14903" y="-0.0239203" z="3.76714" />
			<rotation angle="-3.1417">
				<axis x="-0.0529913" y="-0.998595" z="2.08822e-006" />
			</rotation>
		</bone>
		<bone id="20" name="Bip01_L_Calf">
			<position x="18.8593" y="0.0" z="0.0" />
			<rotation angle="-0.229272">
				<axis x="0.0" y="0.0" z="1.0" />
			</rotation>
		</bone>
		<bone id="21" name="Bip01_L_Foot">
			<position x="18.8593" y="2.02748e-007" z="-2.45352e-007" />
			<rotation angle="-0.114403">
				<axis x="6.46239e-006" y="-0.000119482" z="-1.0" />
			</rotation>
		</bone>
		<bone id="22" name="Bip01_L_Toe0">
			<position x="4.33764" y="5.58234" z="2.20309e-007" />
			<rotation angle="-1.5708">
				<axis x="0.0" y="0.0" z="-1.0" />
			</rotation>
		</bone>
		<bone id="23" name="Bip01_L_Toe01">
			<position x="0.565778" y="0.0" z="0.0" />
			<rotation angle="-0.000690534">
				<axis x="0.0" y="0.0" z="-1.0" />
			</rotation>
		</bone>
		<bone id="24" name="Bip01_L_Toe02">
			<position x="0.565779" y="0.0" z="0.0" />
			<rotation angle="-0.000690534">
				<axis x="0.0" y="0.0" z="-1.0" />
			</rotation>
		</bone>
		<bone id="25" name="Bip01_R_Thigh">
			<position x="-4.52605" y="-0.0264269" z="-3.76714" />
			<rotation angle="-3.14148">
				<axis x="-0.0866986" y="-0.996235" z="-6.79305e-006" />
			</rotation>
		</bone>
		<bone id="26" name="Bip01_R_Calf">
			<position x="18.8593" y="2.55072e-007" z="2.95821e-007" />
			<rotation angle="-0.364476">
				<axis x="0.0" y="0.0" z="1.0" />
			</rotation>
		</bone>
		<bone id="27" name="Bip01_R_Foot">
			<position x="18.8593" y="-1.59558e-007" z="-6.1788e-007" />
			<rotation angle="-0.182025">
				<axis x="2.41491e-007" y="6.0537e-005" z="-1.0" />
			</rotation>
		</bone>
		<bone id="28" name="Bip01_R_Toe0">
			<position x="4.33764" y="5.58234" z="-2.03775e-007" />
			<rotation angle="-1.5708">
				<axis x="0.0" y="0.0" z="-1.0" />
			</rotation>
		</bone>
		<bone id="29" name="Bip01_R_Toe01">
			<position x="0.565778" y="0.0" z="-4.8517e-007" />
			<rotation angle="-0.000690534">
				<axis x="0.0" y="0.0" z="-1.0" />
			</rotation>
		</bone>
		<bone id="30" name="Bip01_R_Toe02">
			<position x="0.565779" y="0.0" z="1.39193e-006" />
			<rotation angle="-0.000690534">
				<axis x="0.0" y="0.0" z="-1.0" />
			</rotation>
		</bone>
	</bones>
	<bonehierarchy>
		<boneparent bone="Bip01_Footsteps" parent="Bip01" />
		<boneparent bone="Bip01_Pelvis" parent="Bip01" />
		<boneparent bone="Bip01_Spine" parent="Bip01_Pelvis" />
		<boneparent bone="Bip01_Spine1" parent="Bip01_Spine" />
		<boneparent bone="Bip01_Spine2" parent="Bip01_Spine1" />
		<boneparent bone="Bip01_Spine3" parent="Bip01_Spine2" />
		<boneparent bone="Bip01_Neck" parent="Bip01_Spine3" />
		<boneparent bone="Bip01_Head" parent="Bip01_Neck" />
		<boneparent bone="Bip01_L_Clavicle" parent="Bip01_Neck" />
		<boneparent bone="Bip01_L_UpperArm" parent="Bip01_L_Clavicle" />
		<boneparent bone="Bip01_L_Forearm" parent="Bip01_L_UpperArm" />
		<boneparent bone="Bip01_L_Hand" parent="Bip01_L_Forearm" />
		<boneparent bone="Bip01_L_Finger0" parent="Bip01_L_Hand" />
		<boneparent bone="Bip01_R_Clavicle" parent="Bip01_Neck" />
		<boneparent bone="Bip01_R_UpperArm" parent="Bip01_R_Clavicle" />
		<boneparent bone="Bip01_R_Forearm" parent="Bip01_R_UpperArm" />
		<boneparent bone="Bip01_R_Hand" parent="Bip01_R_Forearm" />
		<boneparent bone="Bip01_R_Finger0" parent="Bip01_R_Hand" />
		<boneparent bone="Bip01_L_Thigh" parent="Bip01_Spine" />
		<boneparent bone="Bip01_L_Calf" parent="Bip01_L_Thigh" />
		<boneparent bone="Bip01_L_Foot" parent="Bip01_L_Calf" />
		<boneparent bone="Bip01_L_Toe0" parent="Bip01_L_Foot" />
		<boneparent bone="Bip01_L_Toe01" parent="Bip01_L_Toe0" />
		<boneparent bone="Bip01_L_Toe02" parent="Bip01_L_Toe01" />
		<boneparent bone="Bip01_R_Thigh" parent="Bip01_Spine" />
		<boneparent bone="Bip01_R_Calf" parent="Bip01_R_Thigh" />
		<boneparent bone="Bip01_R_Foot" parent="Bip01_R_Calf" />
		<boneparent bone="Bip01_R_Toe0" parent="Bip01_R_Foot" />
		<boneparent bone="Bip01_R_Toe01" parent="Bip01_R_Toe0" />
		<boneparent bone="Bip01_R_Toe02" parent="Bip01_R_Toe01" />
	</bonehierarchy>
	<animations>
		<animation name="varshney_jump_start" length="0.5">
			<tracks>
				<track bone = "Bip01">
					<keyframes>
						<keyframe time="0.0">
							<translate x="0.0" y="-2.0564" z="0.0" />
							<rotate angle="0.0">
								<axis x="0.0" y="0.0" z="-1.0" />
							</rotate>
						</keyframe>
						<keyframe time="0.133333">
							<translate x="0.0" y="-2.27969" z="0.0" />
							<rotate angle="0.0">
								<axis x="0.0" y="0.0" z="-1.0" />
							</rotate>
						</keyframe>
						<keyframe time="0.5">
							<translate x="0.0" y="10.1717" z="0.0" />
							<rotate angle="0.0">
								<axis x="0.0" y="0.0" z="-1.0" />
							</rotate>
						</keyframe>
					</keyframes>
				</track>
				<track bone = "Bip01_Footsteps">
					<keyframes>
						<keyframe time="0.0">
							<translate x="0.0" y="0.0" z="2.0564" />
							<rotate angle="0.0">
								<axis x="0.0" y="0.0" z="1.0" />
							</rotate>
						</keyframe>
						<keyframe time="0.5">
							<translate x="0.0" y="0.0" z="-10.1717" />
							<rotate angle="0.0">
								<axis x="0.0" y="0.0" z="1.0" />
							</rotate>
						</keyframe>
					</keyframes>
				</track>
				<track bone = "Bip01_Pelvis">
					<keyframes>
						<keyframe time="0.0">
							<translate x="0.00445458" y="-0.0375258" z="0.0" />
							<rotate angle="0.0">
								<axis x="0.000180664" y="1.0" z="-2.06962e-005" />
							</rotate>
						</keyframe>
						<keyframe time="0.0666667">
							<translate x="0.001174" y="-0.0162512" z="0.0" />
							<rotate angle="0.0">
								<axis x="0.000180664" y="1.0" z="-2.06962e-005" />
							</rotate>
						</keyframe>
						<keyframe time="0.5">
							<translate x="0.0352775" y="0.0149329" z="0.0" />
							<rotate angle="0.0">
								<axis x="0.000180664" y="1.0" z="-2.06962e-005" />
							</rotate>
						</keyframe>
					</keyframes>
				</track>
				<track bone = "Bip01_Spine">
					<keyframes>
						<keyframe time="0.0">
							<translate x="0.0" y="0.0" z="0.0" />
							<rotate angle="-0.00436732">
								<axis x="0.00452589" y="0.99551" z="0.094549" />
							</rotate>
						</keyframe>
						<keyframe time="0.133333">
							<translate x="0.0" y="0.0" z="0.0" />
							<rotate angle="0.0">
								<axis x="-0.0141728" y="-0.711071" z="-0.702977" />
							</rotate>
						</keyframe>
						<keyframe time="0.5">
							<translate x="-2.00272e-005" y="0.0" z="0.0" />
							<rotate angle="-0.00371864">
								<axis x="-0.00212582" y="-0.467595" z="0.88394" />
							</rotate>
						</keyframe>
					</keyframes>
				</track>
				<track bone = "Bip01_Spine1">
					<keyframes>
						<keyframe time="0.0">
							<translate x="0.0" y="0.0" z="0.0" />
							<rotate angle="-0.00267443">
								<axis x="0.00173242" y="0.999216" z="0.0395504" />
							</rotate>
						</keyframe>
						<keyframe time="0.133333">
							<translate x="0.0" y="0.0" z="0.0" />
							<rotate angle="0.0">
								<axis x="0.00010514" y="-1.45224e-006" z="1.0" />
							</rotate>
						</keyframe>
						<keyframe time="0.5">
							<translate x="0.0" y="0.0" z="0.0" />
							<rotate angle="-0.00138107">
								<axis x="-0.00136201" y="-0.785576" z="0.618764" />
							</rotate>
						</keyframe>
					</keyframes>
				</track>
				<track bone = "Bip01_Spine2">
					<keyframes>
						<keyframe time="0.0">
							<translate x="0.0" y="0.0" z="0.0" />
							<rotate angle="-0.00436732">
								<axis x="-0.00173329" y="-0.999717" z="0.0237336" />
							</rotate>
						</keyframe>
						<keyframe time="0.133333">
							<translate x="0.0" y="0.0" z="0.0" />
							<rotate angle="0.0">
								<axis x="9.37252e-005" y="-1.07845e-006" z="1.0" />
							</rotate>
						</keyframe>
						<keyframe time="0.5">
							<translate x="0.0" y="0.0" z="0.0" />
							<rotate angle="-0.00195313">
								<axis x="0.00156754" y="0.904114" z="0.427288" />
							</rotate>
						</keyframe>
					</keyframes>
				</track>
				<track bone = "Bip01_Spine3">
					<keyframes>
						<keyframe time="0.0">
							<translate x="0.0" y="0.0" z="0.0" />
							<rotate angle="-0.00267443">
								<axis x="-0.00173242" y="-0.999216" z="0.0395454" />
							</rotate>
						</keyframe>
						<keyframe time="0.133333">
							<translate x="0.0" y="0.0" z="0.0" />
							<rotate angle="0.0">
								<axis x="6.81981e-005" y="-1.63682e-005" z="1.0" />
							</rotate>
						</keyframe>
						<keyframe time="0.5">
							<translate x="-1.33514e-005" y="0.0" z="0.0" />
							<rotate angle="-0.00138107">
								<axis x="0.00136201" y="0.785572" z="0.618769" />
							</rotate>
						</keyframe>
					</keyframes>
				</track>
				<track bone = "Bip01_Neck">
					<keyframes>
						<keyframe time="0.0">
							<translate x="0.0" y="0.0" z="0.0" />
							<rotate angle="0.0">
								<axis x="-0.00277402" y="-1.06963e-005" z="-0.999996" />
							</rotate>
						</keyframe>
						<keyframe time="0.133333">
							<translate x="0.0" y="0.0" z="0.0" />
							<rotate angle="0.0">
								<axis x="-0.998327" y="0.0578159" z="0.0" />
							</rotate>
						</keyframe>
						<keyframe time="0.5">
							<translate x="0.0" y="0.0" z="0.0" />
							<rotate angle="0.0">
								<axis x="-0.000104318" y="1.16743e-005" z="-1.0" />
							</rotate>
						</keyframe>
					</keyframes>
				</track>
				<track bone = "Bip01_Head">
					<keyframes>
						<keyframe time="0.0">
							<translate x="0.0" y="0.0" z="0.0" />
							<rotate angle="-0.0474122">
								<axis x="0.999882" y="-0.000406199" z="-0.0153251" />
							</rotate>
						</keyframe>
						<keyframe time="0.133333">
							<translate x="0.0" y="0.0" z="0.0" />
							<rotate angle="-0.0500019">
								<axis x="1.0" y="1.38557e-006" z="0.0" />
							</rotate>
						</keyframe>
						<keyframe time="0.5">
							<translate x="0.0" y="0.0" z="0.0" />
							<rotate angle="-0.0744636">
								<axis x="0.997005" y="-0.000991762" z="-0.0773261" />
							</rotate>
						</keyframe>
					</keyframes>
				</track>
				<track bone = "Bip01_L_Clavicle">
					<keyframes>
						<keyframe time="0.0">
							<translate x="0.0" y="0.0" z="0.0" />
							<rotate angle="0.0">
								<axis x="-0.0871246" y="-0.996022" z="0.0187022" />
							</rotate>
						</keyframe>
						<keyframe time="0.133333">
							<translate x="0.0" y="0.0" z="0.0" />
							<rotate angle="0.0">
								<axis x="-0.0475461" y="-0.998813" z="0.0105966" />
							</rotate>
						</keyframe>
						<keyframe time="0.5">
							<translate x="0.0" y="-1.11782e-005" z="0.0" />
							<rotate angle="0.0">
								<axis x="-0.706435" y="-0.644996" z="0.291426" />
							</rotate>
						</keyframe>
					</keyframes>
				</track>
				<track bone = "Bip01_L_UpperArm">
					<keyframes>
						<keyframe time="0.0">
							<translate x="0.0" y="0.0" z="0.0" />
							<rotate angle="-0.521562">
								<axis x="-0.374495" y="0.0988089" z="0.921949" />
							</rotate>
						</keyframe>
						<keyframe time="0.133333">
							<translate x="0.0" y="0.0" z="0.0" />
							<rotate angle="-0.537738">
								<axis x="-0.364137" y="0.0929793" z="0.926693" />
							</rotate>
						</keyframe>
						<keyframe time="0.5">
							<translate x="0.0" y="0.0" z="0.0" />
							<rotate angle="-0.5377">
								<axis x="-0.365313" y="0.0909142" z="0.926434" />
							</rotate>
						</keyframe>
					</keyframes>
				</track>
				<track bone = "Bip01_L_Forearm">
					<keyframes>
						<keyframe time="0.0">
							<translate x="0.0" y="0.0" z="0.0" />
							<rotate angle="-0.2496">
								<axis x="0.0" y="0.0" z="1.0" />
							</rotate>
						</keyframe>
						<keyframe time="0.133333">
							<translate x="0.0" y="0.0" z="0.0" />
							<rotate angle="-0.3">
								<axis x="0.0" y="0.0" z="1.0" />
							</rotate>
						</keyframe>
						<keyframe time="0.5">
							<translate x="0.0" y="0.0" z="0.0" />
							<rotate angle="-0.316706">
								<axis x="0.0" y="0.0" z="1.0" />
							</rotate>
						</keyframe>
					</keyframes>
				</track>
				<track bone = "Bip01_L_Hand">
					<keyframes>
						<keyframe time="0.0">
							<translate x="0.0" y="0.0" z="0.0" />
							<rotate angle="-0.0461946">
								<axis x="0.0" y="-0.000796753" z="-1.0" />
							</rotate>
						</keyframe>
						<keyframe time="0.133333">
							<translate x="0.0" y="0.0" z="0.0" />
							<rotate angle="-0.0279391">
								<axis x="0.0" y="-0.000795249" z="-1.0" />
							</rotate>
						</keyframe>
						<keyframe time="0.5">
							<translate x="0.0" y="0.0" z="0.0" />
							<rotate angle="-0.0374362">
								<axis x="0.0" y="0.000796622" z="1.0" />
							</rotate>
						</keyframe>
					</keyframes>
				</track>
				<track bone = "Bip01_L_Finger0">
					<keyframes>
						<keyframe time="0.0">
							<translate x="0.0" y="0.0" z="0.0" />
							<rotate angle="0.0">
								<axis x="-0.10247" y="-0.92027" z="0.377628" />
							</rotate>
						</keyframe>
						<keyframe time="0.133333">
							<translate x="0.0" y="0.0" z="0.0" />
							<rotate angle="0.0">
								<axis x="0.514714" y="-0.660476" z="0.546663" />
							</rotate>
						</keyframe>
						<keyframe time="0.5">
							<translate x="0.0" y="0.0" z="0.0" />
							<rotate angle="0.0">
								<axis x="0.3666" y="-0.930035" z="-0.0252984" />
							</rotate>
						</keyframe>
					</keyframes>
				</track>
				<track bone = "Bip01_R_Clavicle">
					<keyframes>
						<keyframe time="0.0">
							<translate x="0.0" y="0.0" z="0.0" />
							<rotate angle="0.0">
								<axis x="0.0657729" y="-0.997356" z="0.0309082" />
							</rotate>
						</keyframe>
						<keyframe time="0.133333">
							<translate x="0.0" y="0.0" z="0.0" />
							<rotate angle="0.0">
								<axis x="0.0410342" y="0.999135" z="0.00671926" />
							</rotate>
						</keyframe>
						<keyframe time="0.5">
							<translate x="0.0" y="-1.61063e-005" z="0.0" />
							<rotate angle="0.0">
								<axis x="0.10524" y="0.994233" z="0.0206049" />
							</rotate>
						</keyframe>
					</keyframes>
				</track>
				<track bone = "Bip01_R_UpperArm">
					<keyframes>
						<keyframe time="0.0">
							<translate x="0.0" y="0.0" z="0.0" />
							<rotate angle="-0.101053">
								<axis x="0.000558687" y="-2.54231e-005" z="1.0" />
							</rotate>
						</keyframe>
						<keyframe time="0.133333">
							<translate x="0.0" y="0.0" z="0.0" />
							<rotate angle="-0.0999997">
								<axis x="-7.84183e-007" y="0.0" z="1.0" />
							</rotate>
						</keyframe>
						<keyframe time="0.5">
							<translate x="0.0" y="0.0" z="0.0" />
							<rotate angle="-0.0942736">
								<axis x="0.00621959" y="-0.000313045" z="0.999981" />
							</rotate>
						</keyframe>
					</keyframes>
				</track>
				<track bone = "Bip01_R_Forearm">
					<keyframes>
						<keyframe time="0.0">
							<translate x="0.0" y="0.0" z="0.0" />
							<rotate angle="-0.305334">
								<axis x="0.0" y="0.0" z="1.0" />
							</rotate>
						</keyframe>
						<keyframe time="0.133333">
							<translate x="0.0" y="0.0" z="0.0" />
							<rotate angle="-0.3">
								<axis x="0.0" y="0.0" z="1.0" />
							</rotate>
						</keyframe>
						<keyframe time="0.5">
							<translate x="0.0" y="0.0" z="0.0" />
							<rotate angle="-0.3">
								<axis x="0.0" y="0.0" z="1.0" />
							</rotate>
						</keyframe>
					</keyframes>
				</track>
				<track bone = "Bip01_R_Hand">
					<keyframes>
						<keyframe time="0.0">
							<translate x="0.0" y="0.0" z="0.0" />
							<rotate angle="-0.0461946">
								<axis x="0.0" y="0.000796933" z="-1.0" />
							</rotate>
						</keyframe>
						<keyframe time="0.133333">
							<translate x="0.0" y="0.0" z="0.0" />
							<rotate angle="-0.0279391">
								<axis x="0.0" y="0.000795687" z="-1.0" />
							</rotate>
						</keyframe>
						<keyframe time="0.5">
							<translate x="0.0" y="0.0" z="0.0" />
							<rotate angle="-0.0374362">
								<axis x="0.0" y="-0.000796621" z="1.0" />
							</rotate>
						</keyframe>
					</keyframes>
				</track>
				<track bone = "Bip01_R_Finger0">
					<keyframes>
						<keyframe time="0.0">
							<translate x="0.0" y="0.0" z="0.0" />
							<rotate angle="0.0">
								<axis x="-0.0468326" y="0.710517" z="0.70212" />
							</rotate>
						</keyframe>
						<keyframe time="0.133333">
							<translate x="0.0" y="0.0" z="0.0" />
							<rotate angle="0.0">
								<axis x="0.16152" y="-0.977167" z="0.138043" />
							</rotate>
						</keyframe>
						<keyframe time="0.5">
							<translate x="0.0" y="0.0" z="0.0" />
							<rotate angle="0.0">
								<axis x="-0.128748" y="0.873455" z="0.469575" />
							</rotate>
						</keyframe>
					</keyframes>
				</track>
				<track bone = "Bip01_L_Thigh">
					<keyframes>
						<keyframe time="0.0">
							<translate x="0.0165224" y="-0.00179015" z="0.0181077" />
							<rotate angle="-0.285104">
								<axis x="-0.0212987" y="-0.0147514" z="-0.999664" />
							</rotate>
						</keyframe>
						<keyframe time="0.0333333">
							<translate x="0.0115809" y="-0.0010489" z="0.0127096" />
							<rotate angle="-0.27313">
								<axis x="-0.016644" y="-0.00951122" z="-0.999816" />
							</rotate>
						</keyframe>
						<keyframe time="0.133333">
							<translate x="0.0" y="0.0" z="0.0" />
							<rotate angle="-0.165141">
								<axis x="0.00330726" y="-0.00151878" z="0.999993" />
							</rotate>
						</keyframe>
						<keyframe time="0.4">
							<translate x="-0.00840616" y="-0.00793877" z="-0.00934434" />
							<rotate angle="-0.177161">
								<axis x="0.00153877" y="0.0127727" z="0.999917" />
							</rotate>
						</keyframe>
						<keyframe time="0.5">
							<translate x="-0.00643682" y="-0.0136328" z="-0.00722551" />
							<rotate angle="-0.00345267">
								<axis x="0.0793095" y="0.523787" z="-0.848149" />
							</rotate>
						</keyframe>
					</keyframes>
				</track>
				<track bone = "Bip01_L_Calf">
					<keyframes>
						<keyframe time="0.0">
							<translate x="0.0" y="0.0" z="0.0" />
							<rotate angle="-0.478022">
								<axis x="0.0" y="0.0" z="1.0" />
							</rotate>
						</keyframe>
						<keyframe time="0.0333333">
							<translate x="0.0" y="0.0" z="0.0" />
							<rotate angle="-0.671145">
								<axis x="0.0" y="0.0" z="1.0" />
							</rotate>
						</keyframe>
						<keyframe time="0.133333">
							<translate x="0.0" y="0.0" z="0.0" />
							<rotate angle="-0.41826">
								<axis x="0.0" y="0.0" z="1.0" />
							</rotate>
						</keyframe>
						<keyframe time="0.4">
							<translate x="0.0" y="0.0" z="0.0" />
							<rotate angle="-0.227445">
								<axis x="0.0" y="0.0" z="-1.0" />
							</rotate>
						</keyframe>
						<keyframe time="0.5">
							<translate x="0.0" y="0.0" z="0.0" />
							<rotate angle="-0.130658">
								<axis x="0.0" y="0.0" z="-1.0" />
							</rotate>
						</keyframe>
					</keyframes>
				</track>
				<track bone = "Bip01_L_Foot">
					<keyframes>
						<keyframe time="0.0">
							<translate x="0.0" y="0.0" z="0.0" />
							<rotate angle="-0.256116">
								<axis x="0.019033" y="0.00373024" z="-0.999812" />
							</rotate>
						</keyframe>
						<keyframe time="0.0333333">
							<translate x="0.0" y="0.0" z="0.0" />
							<rotate angle="-0.399972">
								<axis x="0.00901319" y="0.00358667" z="-0.999953" />
							</rotate>
						</keyframe>
						<keyframe time="0.133333">
							<translate x="0.0" y="0.0" z="0.0" />
							<rotate angle="-0.267134">
								<axis x="-0.00236857" y="-0.000122677" z="-0.999997" />
							</rotate>
						</keyframe>
						<keyframe time="0.4">
							<translate x="0.0" y="0.0" z="0.0" />
							<rotate angle="-0.577447">
								<axis x="-0.000473176" y="3.06389e-005" z="1.0" />
							</rotate>
						</keyframe>
						<keyframe time="0.5">
							<translate x="0.0" y="0.0" z="0.0" />
							<rotate angle="-0.36227">
								<axis x="-0.000251632" y="7.56668e-005" z="1.0" />
							</rotate>
						</keyframe>
					</keyframes>
				</track>
				<track bone = "Bip01_L_Toe0">
					<keyframes>
						<keyframe time="0.0">
							<translate x="0.0" y="0.0" z="0.0" />
							<rotate angle="0.0">
								<axis x="0.0306961" y="-0.00325188" z="-0.999523" />
							</rotate>
						</keyframe>
						<keyframe time="0.0333333">
							<translate x="0.0" y="0.0" z="0.0" />
							<rotate angle="0.0">
								<axis x="-0.498518" y="-0.00317269" z="-0.866874" />
							</rotate>
						</keyframe>
						<keyframe time="0.133333">
							<translate x="0.0" y="0.0" z="0.0" />
							<rotate angle="0.0">
								<axis x="-0.000798032" y="8.90193e-005" z="1.0" />
							</rotate>
						</keyframe>
						<keyframe time="0.4">
							<translate x="0.0" y="0.0" z="0.0" />
							<rotate angle="0.0">
								<axis x="-0.995452" y="0.095261" z="-5.00951e-006" />
							</rotate>
						</keyframe>
						<keyframe time="0.5">
							<translate x="0.0" y="0.0" z="0.0" />
							<rotate angle="0.0">
								<axis x="-0.999997" y="-0.00255385" z="2.21616e-006" />
							</rotate>
						</keyframe>
					</keyframes>
				</track>
				<track bone = "Bip01_L_Toe01">
					<keyframes>
						<keyframe time="0.0">
							<translate x="0.0" y="0.0" z="0.0" />
							<rotate angle="-0.000690534">
								<axis x="0.0" y="0.0" z="1.0" />
							</rotate>
						</keyframe>
						<keyframe time="0.0333333">
							<translate x="0.0" y="0.0" z="0.0" />
							<rotate angle="-0.000690534">
								<axis x="0.0" y="0.0" z="1.0" />
							</rotate>
						</keyframe>
						<keyframe time="0.133333">
							<translate x="0.0" y="0.0" z="0.0" />
							<rotate angle="-0.0702822">
								<axis x="0.0" y="0.0" z="-1.0" />
							</rotate>
						</keyframe>
						<keyframe time="0.4">
							<translate x="1.0252e-005" y="0.0" z="0.0" />
							<rotate angle="-0.000690534">
								<axis x="0.0" y="0.0" z="1.0" />
							</rotate>
						</keyframe>
						<keyframe time="0.5">
							<translate x="0.0" y="0.0" z="0.0" />
							<rotate angle="-0.000690534">
								<axis x="0.0" y="0.0" z="1.0" />
							</rotate>
						</keyframe>
					</keyframes>
				</track>
				<track bone = "Bip01_L_Toe02">
					<keyframes>
						<keyframe time="0.0">
							<translate x="0.0" y="0.0" z="0.0" />
							<rotate angle="-0.000690534">
								<axis x="0.0" y="0.0" z="1.0" />
							</rotate>
						</keyframe>
						<keyframe time="0.0333333">
							<translate x="0.0" y="0.0" z="0.0" />
							<rotate angle="-0.000690534">
								<axis x="0.0" y="0.0" z="1.0" />
							</rotate>
						</keyframe>
						<keyframe time="0.133333">
							<translate x="-1.0252e-005" y="0.0" z="0.0" />
							<rotate angle="-0.0702822">
								<axis x="0.0" y="0.0" z="-1.0" />
							</rotate>
						</keyframe>
						<keyframe time="0.4">
							<translate x="0.0" y="0.0" z="0.0" />
							<rotate angle="-0.000690534">
								<axis x="0.0" y="0.0" z="1.0" />
							</rotate>
						</keyframe>
						<keyframe time="0.5">
							<translate x="0.0" y="0.0" z="0.0" />
							<rotate angle="-0.000690534">
								<axis x="0.0" y="0.0" z="1.0" />
							</rotate>
						</keyframe>
					</keyframes>
				</track>
				<track bone = "Bip01_R_Thigh">
					<keyframes>
						<keyframe time="0.0">
							<translate x="-0.0164213" y="-0.00180919" z="0.0198278" />
							<rotate angle="-0.245766">
								<axis x="-0.0228489" y="-0.0165229" z="-0.999602" />
							</rotate>
						</keyframe>
						<keyframe time="0.0333333">
							<translate x="-0.011529" y="-0.00104238" z="0.0139008" />
							<rotate angle="-0.227212">
								<axis x="-0.0180851" y="-0.011184" z="-0.999774" />
							</rotate>
						</keyframe>
						<keyframe time="0.133333">
							<translate x="0.0" y="0.0" z="0.0" />
							<rotate angle="-0.208627">
								<axis x="0.00253982" y="-0.00116855" z="0.999996" />
							</rotate>
						</keyframe>
						<keyframe time="0.4">
							<translate x="0.00855255" y="-0.00871358" z="-0.0101743" />
							<rotate angle="-0.245281">
								<axis x="0.00157483" y="0.00908891" z="0.999958" />
							</rotate>
						</keyframe>
						<keyframe time="0.5">
							<translate x="0.00668526" y="-0.0149012" z="-0.00787091" />
							<rotate angle="-0.040478">
								<axis x="0.0104583" y="0.0442426" z="0.998966" />
							</rotate>
						</keyframe>
					</keyframes>
				</track>
				<track bone = "Bip01_R_Calf">
					<keyframes>
						<keyframe time="0.0">
							<translate x="0.0" y="0.0" z="0.0" />
							<rotate angle="-0.398338">
								<axis x="0.0" y="0.0" z="1.0" />
							</rotate>
						</keyframe>
						<keyframe time="0.0333333">
							<translate x="0.0" y="0.0" z="0.0" />
							<rotate angle="-0.580702">
								<axis x="0.0" y="0.0" z="1.0" />
							</rotate>
						</keyframe>
						<keyframe time="0.133333">
							<translate x="0.0" y="0.0" z="0.0" />
							<rotate angle="-0.339063">
								<axis x="0.0" y="0.0" z="1.0" />
							</rotate>
						</keyframe>
						<keyframe time="0.4">
							<translate x="0.0" y="0.0" z="0.0" />
							<rotate angle="-0.36265">
								<axis x="0.0" y="0.0" z="-1.0" />
							</rotate>
						</keyframe>
						<keyframe time="0.5">
							<translate x="0.0" y="0.0" z="0.0" />
							<rotate angle="-0.21902">
								<axis x="0.0" y="0.0" z="-1.0" />
							</rotate>
						</keyframe>
					</keyframes>
				</track>
				<track bone = "Bip01_R_Foot">
					<keyframes>
						<keyframe time="0.0">
							<translate x="0.0" y="0.0" z="0.0" />
							<rotate angle="-0.215769">
								<axis x="0.0195492" y="0.00303015" z="-0.999804" />
							</rotate>
						</keyframe>
						<keyframe time="0.0333333">
							<translate x="0.0" y="0.0" z="0.0" />
							<rotate angle="-0.355444">
								<axis x="0.00874755" y="0.00279537" z="-0.999958" />
							</rotate>
						</keyframe>
						<keyframe time="0.133333">
							<translate x="0.0" y="0.0" z="0.0" />
							<rotate angle="-0.231421">
								<axis x="-0.00237795" y="-0.00018478" z="-0.999997" />
							</rotate>
						</keyframe>
						<keyframe time="0.4">
							<translate x="0.0" y="0.0" z="0.0" />
							<rotate angle="-0.644528">
								<axis x="-0.00029129" y="4.07012e-005" z="1.0" />
							</rotate>
						</keyframe>
						<keyframe time="0.5">
							<translate x="0.0" y="0.0" z="0.0" />
							<rotate angle="-0.407246">
								<axis x="-0.000244499" y="5.81858e-005" z="1.0" />
							</rotate>
						</keyframe>
					</keyframes>
				</track>
				<track bone = "Bip01_R_Toe0">
					<keyframes>
						<keyframe time="0.0">
							<translate x="0.0" y="0.0" z="0.0" />
							<rotate angle="0.0">
								<axis x="-0.998675" y="-0.0514504" z="-8.70228e-005" />
							</rotate>
						</keyframe>
						<keyframe time="0.0333333">
							<translate x="0.0" y="0.0" z="0.0" />
							<rotate angle="0.0">
								<axis x="0.0892922" y="-0.0141508" z="-0.995905" />
							</rotate>
						</keyframe>
						<keyframe time="0.133333">
							<translate x="0.0" y="0.0" z="0.0" />
							<rotate angle="0.0">
								<axis x="0.000321238" y="7.65431e-005" z="-1.0" />
							</rotate>
						</keyframe>
						<keyframe time="0.4">
							<translate x="0.0" y="0.0" z="0.0" />
							<rotate angle="0.0">
								<axis x="-0.000179019" y="-0.000269353" z="1.0" />
							</rotate>
						</keyframe>
						<keyframe time="0.5">
							<translate x="0.0" y="0.0" z="0.0" />
							<rotate angle="0.0">
								<axis x="-0.00785949" y="-0.000595984" z="-0.999969" />
							</rotate>
						</keyframe>
					</keyframes>
				</track>
				<track bone = "Bip01_R_Toe01">
					<keyframes>
						<keyframe time="0.0">
							<translate x="0.0" y="0.0" z="0.0" />
							<rotate angle="-0.000690534">
								<axis x="0.0" y="0.0" z="1.0" />
							</rotate>
						</keyframe>
						<keyframe time="0.0333333">
							<translate x="0.0" y="0.0" z="0.0" />
							<rotate angle="-0.000690534">
								<axis x="0.0" y="0.0" z="1.0" />
							</rotate>
						</keyframe>
						<keyframe time="0.133333">
							<translate x="0.0" y="0.0" z="0.0" />
							<rotate angle="-0.0702822">
								<axis x="0.0" y="0.0" z="-1.0" />
							</rotate>
						</keyframe>
						<keyframe time="0.4">
							<translate x="1.04904e-005" y="0.0" z="0.0" />
							<rotate angle="-0.000690534">
								<axis x="0.0" y="0.0" z="1.0" />
							</rotate>
						</keyframe>
						<keyframe time="0.5">
							<translate x="0.0" y="0.0" z="0.0" />
							<rotate angle="-0.000690534">
								<axis x="0.0" y="0.0" z="1.0" />
							</rotate>
						</keyframe>
					</keyframes>
				</track>
				<track bone = "Bip01_R_Toe02">
					<keyframes>
						<keyframe time="0.0">
							<translate x="0.0" y="0.0" z="0.0" />
							<rotate angle="-0.000690534">
								<axis x="0.0" y="0.0" z="1.0" />
							</rotate>
						</keyframe>
						<keyframe time="0.0333333">
							<translate x="0.0" y="0.0" z="0.0" />
							<rotate angle="-0.000690534">
								<axis x="0.0" y="0.0" z="1.0" />
							</rotate>
						</keyframe>
						<keyframe time="0.133333">
							<translate x="-1.06692e-005" y="0.0" z="0.0" />
							<rotate angle="-0.0702822">
								<axis x="0.0" y="0.0" z="-1.0" />
							</rotate>
						</keyframe>
						<keyframe time="0.4">
							<translate x="0.0" y="0.0" z="0.0" />
							<rotate angle="-0.000690534">
								<axis x="0.0" y="0.0" z="1.0" />
							</rotate>
						</keyframe>
						<keyframe time="0.5">
							<translate x="0.0" y="0.0" z="0.0" />
							<rotate angle="-0.000690534">
								<axis x="0.0" y="0.0" z="1.0" />
							</rotate>
						</keyframe>
					</keyframes>
				</track>
			</tracks>
		</animation>
		<animation name="varshney_walk" length="1.0">
			<tracks>
				<track bone = "Bip01">
					<keyframes>
						<keyframe time="0.0">
							<translate x="0.0" y="-0.205269" z="0.0" />
							<rotate angle="0.0">
								<axis x="-0.999999" y="7.5574e-007" z="0.00102089" />
							</rotate>
						</keyframe>
						<keyframe time="0.0333333">
							<translate x="0.0" y="-0.0592804" z="0.0" />
							<rotate angle="0.0">
								<axis x="-0.999999" y="7.38523e-007" z="0.00104104" />
							</rotate>
						</keyframe>
						<keyframe time="0.233333">
							<translate x="0.0" y="-2.06861" z="0.0" />
							<rotate angle="0.0">
								<axis x="-0.999991" y="8.27729e-007" z="0.00423309" />
							</rotate>
						</keyframe>
						<keyframe time="0.333333">
							<translate x="0.0" y="-2.53029" z="0.0" />
							<rotate angle="0.0">
								<axis x="0.999994" y="-7.20234e-007" z="0.00332801" />
							</rotate>
						</keyframe>
						<keyframe time="0.533333">
							<translate x="0.0" y="-0.0677299" z="0.0" />
							<rotate angle="0.0">
								<axis x="0.999999" y="-7.07726e-007" z="0.000997669" />
							</rotate>
						</keyframe>
						<keyframe time="0.733333">
							<translate x="0.0" y="-1.92641" z="0.0" />
							<rotate angle="0.0">
								<axis x="1.0" y="-2.77034e-007" z="0.00061312" />
							</rotate>
						</keyframe>
						<keyframe time="0.833333">
							<translate x="0.0" y="-2.69006" z="0.0" />
							<rotate angle="0.0">
								<axis x="1.0" y="-1.82428e-007" z="0.000568326" />
							</rotate>
						</keyframe>
						<keyframe time="1.0">
							<translate x="0.0" y="-0.25061" z="0.0" />
							<rotate angle="0.0">
								<axis x="0.999998" y="2.72804e-007" z="0.00212502" />
							</rotate>
						</keyframe>
					</keyframes>
				</track>
				<track bone = "Bip01_Footsteps">
					<keyframes>
						<keyframe time="0.0">
							<translate x="0.0" y="0.0" z="0.195988" />
							<rotate angle="0.0">
								<axis x="5.55561e-007" y="-1.0" z="-0.00102089" />
							</rotate>
						</keyframe>
						<keyframe time="0.233333">
							<translate x="0.0" y="0.0" z="2.07174" />
							<rotate angle="0.0">
								<axis x="4.83561e-007" y="-0.999991" z="-0.00423309" />
							</rotate>
						</keyframe>
						<keyframe time="0.733333">
							<translate x="0.0" y="0.0" z="1.92956" />
							<rotate angle="0.0">
								<axis x="-1.03427e-006" y="1.0" z="-0.00061312" />
							</rotate>
						</keyframe>
						<keyframe time="1.0">
							<translate x="0.0" y="0.0" z="0.253754" />
							<rotate angle="0.0">
								<axis x="-1.5841e-006" y="0.999998" z="-0.00212502" />
							</rotate>
						</keyframe>
					</keyframes>
				</track>
				<track bone = "Bip01_Pelvis">
					<keyframes>
						<keyframe time="0.0">
							<translate x="0.000962742" y="0.313969" z="0.0" />
							<rotate angle="-0.0988819">
								<axis x="0.0" y="1.0" z="-1.3868e-006" />
							</rotate>
						</keyframe>
						<keyframe time="0.0333333">
							<translate x="-6.53043e-005" y="0.321659" z="0.0" />
							<rotate angle="-0.0999997">
								<axis x="0.0" y="1.0" z="-1.3868e-006" />
							</rotate>
						</keyframe>
						<keyframe time="0.533333">
							<translate x="0.0803095" y="-0.321655" z="0.0" />
							<rotate angle="0.0">
								<axis x="-0.000163847" y="1.0" z="-1.39778e-005" />
							</rotate>
						</keyframe>
						<keyframe time="1.0">
							<translate x="0.000960834" y="0.313468" z="0.0" />
							<rotate angle="-0.098725">
								<axis x="0.0" y="1.0" z="-1.3868e-006" />
							</rotate>
						</keyframe>
					</keyframes>
				</track>
				<track bone = "Bip01_Spine">
					<keyframes>
						<keyframe time="0.0">
							<translate x="0.000236988" y="0.0" z="-0.428735" />
							<rotate angle="-0.135483">
								<axis x="0.00472661" y="-0.999988" z="0.000801832" />
							</rotate>
						</keyframe>
						<keyframe time="0.0333333">
							<translate x="0.0" y="0.0" z="-0.43358" />
							<rotate angle="-0.137499">
								<axis x="0.00465929" y="-0.999989" z="9.95302e-005" />
							</rotate>
						</keyframe>
						<keyframe time="0.533333">
							<translate x="-3.57628e-005" y="0.0" z="0.0" />
							<rotate angle="-0.0382427">
								<axis x="0.00445799" y="0.980575" z="0.196096" />
							</rotate>
						</keyframe>
						<keyframe time="1.0">
							<translate x="0.000267029" y="0.0" z="-0.42806" />
							<rotate angle="-0.13527">
								<axis x="0.00472666" y="-0.999989" z="0.000802749" />
							</rotate>
						</keyframe>
					</keyframes>
				</track>
				<track bone = "Bip01_Spine1">
					<keyframes>
						<keyframe time="0.0">
							<translate x="0.0" y="0.0" z="0.0" />
							<rotate angle="-0.0219673">
								<axis x="-0.000784035" y="-0.999999" z="0.00108512" />
							</rotate>
						</keyframe>
						<keyframe time="0.0333333">
							<translate x="0.0" y="0.0" z="0.0" />
							<rotate angle="-0.0225035">
								<axis x="-0.000796275" y="-1.0" z="-2.76176e-006" />
							</rotate>
						</keyframe>
						<keyframe time="0.533333">
							<translate x="0.0" y="0.0" z="0.0" />
							<rotate angle="-0.0225775">
								<axis x="0.00172779" y="0.996544" z="0.0830449" />
							</rotate>
						</keyframe>
						<keyframe time="1.0">
							<translate x="0.0" y="0.0" z="0.0" />
							<rotate angle="-0.0219239">
								<axis x="-0.000784017" y="-0.999999" z="0.00108686" />
							</rotate>
						</keyframe>
					</keyframes>
				</track>
				<track bone = "Bip01_Spine2">
					<keyframes>
						<keyframe time="0.0">
							<translate x="0.0" y="0.0" z="0.0" />
							<rotate angle="-0.0365988">
								<axis x="0.000784034" y="1.0" z="0.00065555" />
							</rotate>
						</keyframe>
						<keyframe time="0.0333333">
							<translate x="0.0" y="0.0" z="0.0" />
							<rotate angle="-0.0374998">
								<axis x="0.000796275" y="1.0" z="2.81111e-006" />
							</rotate>
						</keyframe>
						<keyframe time="0.533333">
							<translate x="-1.14441e-005" y="0.0" z="0.0" />
							<rotate angle="-0.0375506">
								<axis x="-0.00173161" y="-0.998751" z="0.049929" />
							</rotate>
						</keyframe>
						<keyframe time="1.0">
							<translate x="0.0" y="0.0" z="0.0" />
							<rotate angle="-0.0365467">
								<axis x="0.000784015" y="1.0" z="0.000656543" />
							</rotate>
						</keyframe>
					</keyframes>
				</track>
				<track bone = "Bip01_Spine3">
					<keyframes>
						<keyframe time="0.0">
							<translate x="0.0" y="0.0" z="0.0" />
							<rotate angle="-0.0219673">
								<axis x="0.000784034" y="0.999999" z="0.00109063" />
							</rotate>
						</keyframe>
						<keyframe time="0.0333333">
							<translate x="0.0" y="0.0" z="0.0" />
							<rotate angle="-0.0225035">
								<axis x="0.000796275" y="1.0" z="2.75143e-006" />
							</rotate>
						</keyframe>
						<keyframe time="0.533333">
							<translate x="0.0" y="0.0" z="0.0" />
							<rotate angle="-0.0225775">
								<axis x="-0.00172779" y="-0.996545" z="0.0830393" />
							</rotate>
						</keyframe>
						<keyframe time="1.0">
							<translate x="0.0" y="0.0" z="0.0" />
							<rotate angle="-0.0219239">
								<axis x="0.000784015" y="0.999999" z="0.00109238" />
							</rotate>
						</keyframe>
					</keyframes>
				</track>
				<track bone = "Bip01_Neck">
					<keyframes>
						<keyframe time="0.0">
							<translate x="0.0" y="0.0" z="0.0" />
							<rotate angle="0.0">
								<axis x="0.00303341" y="6.50132e-005" z="-0.999995" />
							</rotate>
						</keyframe>
						<keyframe time="0.0333333">
							<translate x="0.0" y="0.0" z="0.0" />
							<rotate angle="0.0">
								<axis x="-0.002632" y="1.54422e-006" z="-0.999996" />
							</rotate>
						</keyframe>
						<keyframe time="0.533333">
							<translate x="0.0" y="0.0" z="0.0" />
							<rotate angle="0.0">
								<axis x="0.00610927" y="6.6684e-006" z="0.999981" />
							</rotate>
						</keyframe>
						<keyframe time="1.0">
							<translate x="0.0" y="0.0" z="0.0" />
							<rotate angle="0.0">
								<axis x="0.00326226" y="3.85071e-006" z="-0.999995" />
							</rotate>
						</keyframe>
					</keyframes>
				</track>
				<track bone = "Bip01_Head">
					<keyframes>
						<keyframe time="0.0">
							<translate x="0.0" y="0.0" z="0.0" />
							<rotate angle="-0.0484026">
								<axis x="0.999994" y="-3.7816e-005" z="-0.0033522" />
							</rotate>
						</keyframe>
						<keyframe time="0.0333333">
							<translate x="0.0" y="0.0" z="0.0" />
							<rotate angle="-0.0497772">
								<axis x="1.0" y="4.95555e-005" z="0.000102626" />
							</rotate>
						</keyframe>
						<keyframe time="0.533333">
							<translate x="0.0" y="0.0" z="0.0" />
							<rotate angle="-0.101301">
								<axis x="0.991577" y="-5.849e-005" z="-0.129516" />
							</rotate>
						</keyframe>
						<keyframe time="1.0">
							<translate x="0.0" y="0.0" z="0.0" />
							<rotate angle="-0.0531368">
								<axis x="0.999995" y="-2.71732e-005" z="-0.00305387" />
							</rotate>
						</keyframe>
					</keyframes>
				</track>
				<track bone = "Bip01_L_Clavicle">
					<keyframes>
						<keyframe time="0.0">
							<translate x="0.0" y="0.0" z="0.0" />
							<rotate angle="0.0">
								<axis x="-0.290811" y="0.956765" z="-0.00537854" />
							</rotate>
						</keyframe>
						<keyframe time="0.233333">
							<translate x="0.0" y="0.0" z="0.0" />
							<rotate angle="0.0">
								<axis x="-0.164046" y="-0.984539" z="0.0614139" />
							</rotate>
						</keyframe>
						<keyframe time="0.733333">
							<translate x="0.0" y="0.0" z="0.0" />
							<rotate angle="0.0">
								<axis x="0.00458925" y="-0.999985" z="-0.00300074" />
							</rotate>
						</keyframe>
						<keyframe time="1.0">
							<translate x="0.0" y="0.0" z="0.0" />
							<rotate angle="0.0">
								<axis x="-0.0181116" y="-0.999786" z="0.0100235" />
							</rotate>
						</keyframe>
					</keyframes>
				</track>
				<track bone = "Bip01_L_UpperArm">
					<keyframes>
						<keyframe time="0.0">
							<translate x="0.0" y="0.0" z="0.0" />
							<rotate angle="-0.315839">
								<axis x="-0.363751" y="0.0929023" z="0.926852" />
							</rotate>
						</keyframe>
						<keyframe time="0.233333">
							<translate x="0.0" y="0.0" z="0.0" />
							<rotate angle="-0.533514">
								<axis x="-0.367434" y="0.0928282" z="0.925405" />
							</rotate>
						</keyframe>
						<keyframe time="0.733333">
							<translate x="0.0" y="0.0" z="0.0" />
							<rotate angle="-0.00851348">
								<axis x="-0.0657282" y="0.0167025" z="-0.997698" />
							</rotate>
						</keyframe>
						<keyframe time="1.0">
							<translate x="0.0" y="0.0" z="0.0" />
							<rotate angle="-0.263028">
								<axis x="-0.363679" y="0.092874" z="0.926883" />
							</rotate>
						</keyframe>
					</keyframes>
				</track>
				<track bone = "Bip01_L_Forearm">
					<keyframes>
						<keyframe time="0.0">
							<translate x="0.0" y="0.0" z="0.0" />
							<rotate angle="-0.176341">
								<axis x="0.0" y="0.0" z="1.0" />
							</rotate>
						</keyframe>
						<keyframe time="0.233333">
							<translate x="0.0" y="0.0" z="0.0" />
							<rotate angle="-0.3">
								<axis x="0.0" y="0.0" z="1.0" />
							</rotate>
						</keyframe>
						<keyframe time="0.733333">
							<translate x="0.0" y="0.0" z="0.0" />
							<rotate angle="0.0">
								<axis x="-0.04452" y="-0.0901737" z="-0.994931" />
							</rotate>
						</keyframe>
						<keyframe time="1.0">
							<translate x="0.0" y="0.0" z="0.0" />
							<rotate angle="-0.146877">
								<axis x="0.0" y="0.0" z="1.0" />
							</rotate>
						</keyframe>
					</keyframes>
				</track>
				<track bone = "Bip01_L_Hand">
					<keyframes>
						<keyframe time="0.0">
							<translate x="0.0" y="0.0" z="0.0" />
							<rotate angle="-0.00431238">
								<axis x="0.0" y="0.000796517" z="1.0" />
							</rotate>
						</keyframe>
						<keyframe time="0.233333">
							<translate x="0.0" y="0.0" z="0.0" />
							<rotate angle="-0.0756802">
								<axis x="0.0" y="-0.000796238" z="-1.0" />
							</rotate>
						</keyframe>
						<keyframe time="0.733333">
							<translate x="0.0" y="0.0" z="0.0" />
							<rotate angle="-0.0279391">
								<axis x="0.0" y="-0.00079693" z="-1.0" />
							</rotate>
						</keyframe>
						<keyframe time="1.0">
							<translate x="0.0" y="0.0" z="0.0" />
							<rotate angle="-0.0535703">
								<axis x="0.0" y="0.000795786" z="1.0" />
							</rotate>
						</keyframe>
					</keyframes>
				</track>
				<track bone = "Bip01_L_Finger0">
					<keyframes>
						<keyframe time="0.0">
							<translate x="0.0" y="0.0" z="0.0" />
							<rotate angle="0.0">
								<axis x="0.235046" y="0.971941" z="-0.00918552" />
							</rotate>
						</keyframe>
						<keyframe time="0.233333">
							<translate x="0.0" y="0.0" z="0.0" />
							<rotate angle="0.0">
								<axis x="-0.104615" y="-0.994208" z="-0.0246146" />
							</rotate>
						</keyframe>
						<keyframe time="0.733333">
							<translate x="0.0" y="0.0" z="0.0" />
							<rotate angle="0.0">
								<axis x="0.00556774" y="-0.924757" z="0.380519" />
							</rotate>
						</keyframe>
						<keyframe time="1.0">
							<translate x="0.0" y="0.0" z="0.0" />
							<rotate angle="0.0">
								<axis x="0.284156" y="0.337557" z="-0.897391" />
							</rotate>
						</keyframe>
					</keyframes>
				</track>
				<track bone = "Bip01_R_Clavicle">
					<keyframes>
						<keyframe time="0.0">
							<translate x="0.0" y="0.0" z="0.0" />
							<rotate angle="0.0">
								<axis x="0.125793" y="-0.991393" z="-0.0362894" />
							</rotate>
						</keyframe>
						<keyframe time="0.233333">
							<translate x="0.0" y="0.0" z="0.0" />
							<rotate angle="0.0">
								<axis x="-0.00299541" y="-0.999993" z="0.00240417" />
							</rotate>
						</keyframe>
						<keyframe time="0.733333">
							<translate x="0.0" y="0.0" z="0.0" />
							<rotate angle="0.0">
								<axis x="0.120432" y="0.987041" z="0.10605" />
							</rotate>
						</keyframe>
						<keyframe time="1.0">
							<translate x="0.0" y="0.0" z="0.0" />
							<rotate angle="0.0">
								<axis x="0.0224071" y="0.999717" z="-0.00800452" />
							</rotate>
						</keyframe>
					</keyframes>
				</track>
				<track bone = "Bip01_R_UpperArm">
					<keyframes>
						<keyframe time="0.0">
							<translate x="0.0" y="0.0" z="0.0" />
							<rotate angle="-0.0448697">
								<axis x="0.00533043" y="-0.000464786" z="0.999986" />
							</rotate>
						</keyframe>
						<keyframe time="0.233333">
							<translate x="0.0" y="0.0" z="0.0" />
							<rotate angle="-0.00463224">
								<axis x="0.128859" y="-0.0132108" z="-0.991575" />
							</rotate>
						</keyframe>
						<keyframe time="0.733333">
							<translate x="0.0" y="0.0" z="0.0" />
							<rotate angle="-0.0915344">
								<axis x="0.00859828" y="-0.000417886" z="0.999963" />
							</rotate>
						</keyframe>
						<keyframe time="1.0">
							<translate x="0.0" y="0.0" z="0.0" />
							<rotate angle="-0.0509045">
								<axis x="0.004693" y="-0.000395045" z="0.999989" />
							</rotate>
						</keyframe>
					</keyframes>
				</track>
				<track bone = "Bip01_R_Forearm">
					<keyframes>
						<keyframe time="0.0">
							<translate x="0.0" y="0.0" z="0.0" />
							<rotate angle="-0.135023">
								<axis x="0.0" y="0.0" z="1.0" />
							</rotate>
						</keyframe>
						<keyframe time="0.233333">
							<translate x="0.0" y="0.0" z="0.0" />
							<rotate angle="0.0">
								<axis x="-0.0462956" y="0.663074" z="0.747121" />
							</rotate>
						</keyframe>
						<keyframe time="0.733333">
							<translate x="0.0" y="0.0" z="0.0" />
							<rotate angle="-0.3">
								<axis x="0.0" y="0.0" z="1.0" />
							</rotate>
						</keyframe>
						<keyframe time="1.0">
							<translate x="0.0" y="0.0" z="0.0" />
							<rotate angle="-0.153123">
								<axis x="0.0" y="0.0" z="1.0" />
							</rotate>
						</keyframe>
					</keyframes>
				</track>
				<track bone = "Bip01_R_Hand">
					<keyframes>
						<keyframe time="0.0">
							<translate x="0.0" y="0.0" z="0.0" />
							<rotate angle="-0.00431238">
								<axis x="-2.65061e-007" y="-0.000795552" z="1.0" />
							</rotate>
						</keyframe>
						<keyframe time="0.233333">
							<translate x="0.0" y="0.0" z="0.0" />
							<rotate angle="-0.0756802">
								<axis x="0.0" y="0.000796274" z="-1.0" />
							</rotate>
						</keyframe>
						<keyframe time="0.733333">
							<translate x="0.0" y="0.0" z="0.0" />
							<rotate angle="-0.0279391">
								<axis x="0.0" y="0.00079705" z="-1.0" />
							</rotate>
						</keyframe>
						<keyframe time="1.0">
							<translate x="0.0" y="0.0" z="0.0" />
							<rotate angle="-0.0535703">
								<axis x="0.0" y="-0.000796448" z="1.0" />
							</rotate>
						</keyframe>
					</keyframes>
				</track>
				<track bone = "Bip01_R_Finger0">
					<keyframes>
						<keyframe time="0.0">
							<translate x="0.0" y="0.0" z="0.0" />
							<rotate angle="0.0">
								<axis x="0.266307" y="-0.957774" z="0.108395" />
							</rotate>
						</keyframe>
						<keyframe time="0.233333">
							<translate x="0.0" y="0.0" z="0.0" />
							<rotate angle="0.0">
								<axis x="-0.00153494" y="-0.000173261" z="0.999999" />
							</rotate>
						</keyframe>
						<keyframe time="0.733333">
							<translate x="0.0" y="0.0" z="0.0" />
							<rotate angle="0.0">
								<axis x="0.0675003" y="0.937369" z="0.341735" />
							</rotate>
						</keyframe>
						<keyframe time="1.0">
							<translate x="0.0" y="0.0" z="0.0" />
							<rotate angle="0.0">
								<axis x="-0.310386" y="0.555744" z="-0.771239" />
							</rotate>
						</keyframe>
					</keyframes>
				</track>
				<track bone = "Bip01_L_Thigh">
					<keyframes>
						<keyframe time="0.0">
							<translate x="-0.507637" y="-0.00283723" z="-0.167789" />
							<rotate angle="-0.0815559">
								<axis x="0.0688119" y="0.5553" z="-0.828798" />
							</rotate>
						</keyframe>
						<keyframe time="0.0333333">
							<translate x="-0.515069" y="-0.00241766" z="-0.172333" />
							<rotate angle="-0.0493587">
								<axis x="0.0834898" y="0.942533" z="0.323513" />
							</rotate>
						</keyframe>
						<keyframe time="0.233333">
							<translate x="-0.285827" y="-0.0134445" z="-0.0446978" />
							<rotate angle="-0.31751">
								<axis x="0.00105377" y="0.0437224" z="0.999043" />
							</rotate>
						</keyframe>
						<keyframe time="0.333333">
							<translate x="-0.0903759" y="-0.0219754" z="0.0515893" />
							<rotate angle="-0.175584">
								<axis x="-0.00622905" y="-0.0723105" z="0.997363" />
							</rotate>
						</keyframe>
						<keyframe time="0.533333">
							<translate x="0.144476" y="-0.0312321" z="0.15289" />
							<rotate angle="-0.313242">
								<axis x="-0.0445554" y="-0.122402" z="-0.99148" />
							</rotate>
						</keyframe>
						<keyframe time="0.633333">
							<translate x="0.0748668" y="-0.0285977" z="0.124454" />
							<rotate angle="-0.324865">
								<axis x="-0.0415308" y="-0.0959945" z="-0.994515" />
							</rotate>
						</keyframe>
						<keyframe time="0.733333">
							<translate x="-0.0903773" y="-0.0219754" z="0.0515893" />
							<rotate angle="-0.346554">
								<axis x="-0.0260852" y="-0.0383342" z="-0.998924" />
							</rotate>
						</keyframe>
						<keyframe time="0.833333">
							<translate x="-0.285827" y="-0.0134445" z="-0.0446978" />
							<rotate angle="-0.466355">
								<axis x="7.93711e-005" y="0.0294467" z="-0.999566" />
							</rotate>
						</keyframe>
						<keyframe time="1.0">
							<translate x="-0.506845" y="-0.00284106" z="-0.167467" />
							<rotate angle="-0.0993391">
								<axis x="0.0612752" y="0.44955" z="-0.891151" />
							</rotate>
						</keyframe>
					</keyframes>
				</track>
				<track bone = "Bip01_L_Calf">
					<keyframes>
						<keyframe time="0.0">
							<translate x="0.0" y="0.0" z="0.0" />
							<rotate angle="-0.180571">
								<axis x="0.0" y="0.0" z="1.0" />
							</rotate>
						</keyframe>
						<keyframe time="0.0333333">
							<translate x="0.0" y="0.0" z="0.0" />
							<rotate angle="-0.114018">
								<axis x="0.0" y="0.0" z="1.0" />
							</rotate>
						</keyframe>
						<keyframe time="0.233333">
							<translate x="0.0" y="0.0" z="0.0" />
							<rotate angle="-0.116504">
								<axis x="0.0" y="0.0" z="1.0" />
							</rotate>
						</keyframe>
						<keyframe time="0.333333">
							<translate x="0.0" y="0.0" z="0.0" />
							<rotate angle="-0.559887">
								<axis x="0.0" y="0.0" z="1.0" />
							</rotate>
						</keyframe>
						<keyframe time="0.533333">
							<translate x="0.0" y="0.0" z="0.0" />
							<rotate angle="-0.573351">
								<axis x="0.0" y="0.0" z="1.0" />
							</rotate>
						</keyframe>
						<keyframe time="0.633333">
							<translate x="0.0" y="0.0" z="0.0" />
							<rotate angle="-0.0905941">
								<axis x="0.0" y="0.0" z="1.0" />
							</rotate>
						</keyframe>
						<keyframe time="0.733333">
							<translate x="0.0" y="0.0" z="0.0" />
							<rotate angle="0.0">
								<axis x="-9.42301e-007" y="0.0" z="1.0" />
							</rotate>
						</keyframe>
						<keyframe time="0.833333">
							<translate x="0.0" y="0.0" z="0.0" />
							<rotate angle="-0.438769">
								<axis x="0.0" y="0.0" z="1.0" />
							</rotate>
						</keyframe>
						<keyframe time="1.0">
							<translate x="0.0" y="0.0" z="0.0" />
							<rotate angle="-0.197375">
								<axis x="0.0" y="0.0" z="1.0" />
							</rotate>
						</keyframe>
					</keyframes>
				</track>
				<track bone = "Bip01_L_Foot">
					<keyframes>
						<keyframe time="0.0">
							<translate x="0.0" y="0.0" z="0.0" />
							<rotate angle="-0.115362">
								<axis x="0.0113048" y="-0.076556" z="-0.997001" />
							</rotate>
						</keyframe>
						<keyframe time="0.0333333">
							<translate x="0.0" y="0.0" z="0.0" />
							<rotate angle="-0.132441">
								<axis x="0.00820772" y="-0.0681557" z="-0.997641" />
							</rotate>
						</keyframe>
						<keyframe time="0.233333">
							<translate x="0.0" y="0.0" z="0.0" />
							<rotate angle="-0.343018">
								<axis x="-0.0020252" y="-0.00095909" z="-0.999997" />
							</rotate>
						</keyframe>
						<keyframe time="0.333333">
							<translate x="0.0" y="0.0" z="0.0" />
							<rotate angle="-0.00737289">
								<axis x="-0.0622232" y="-0.0588943" z="-0.996323" />
							</rotate>
						</keyframe>
						<keyframe time="0.533333">
							<translate x="0.0" y="0.0" z="0.0" />
							<rotate angle="-0.186676">
								<axis x="0.0172271" y="0.00724178" z="-0.999825" />
							</rotate>
						</keyframe>
						<keyframe time="0.633333">
							<translate x="0.0" y="0.0" z="0.0" />
							<rotate angle="-0.0378982">
								<axis x="0.148817" y="0.00766091" z="-0.988835" />
							</rotate>
						</keyframe>
						<keyframe time="0.733333">
							<translate x="0.0" y="0.0" z="0.0" />
							<rotate angle="-0.0180334">
								<axis x="0.34489" y="-0.00699536" z="-0.938617" />
							</rotate>
						</keyframe>
						<keyframe time="0.833333">
							<translate x="0.0" y="0.0" z="0.0" />
							<rotate angle="-0.0282869">
								<axis x="0.160588" y="-0.0580387" z="0.985314" />
							</rotate>
						</keyframe>
						<keyframe time="1.0">
							<translate x="0.0" y="0.0" z="0.0" />
							<rotate angle="-0.111201">
								<axis x="0.0105012" y="-0.0749102" z="-0.997135" />
							</rotate>
						</keyframe>
					</keyframes>
				</track>
				<track bone = "Bip01_L_Toe0">
					<keyframes>
						<keyframe time="0.0">
							<translate x="0.0" y="0.0" z="0.0" />
							<rotate angle="0.0">
								<axis x="-0.781327" y="-0.0103384" z="-0.624036" />
							</rotate>
						</keyframe>
						<keyframe time="0.0333333">
							<translate x="0.0" y="0.0" z="0.0" />
							<rotate angle="0.0">
								<axis x="-0.781327" y="-0.0103385" z="-0.624036" />
							</rotate>
						</keyframe>
						<keyframe time="0.233333">
							<translate x="0.0" y="0.0" z="0.0" />
							<rotate angle="0.0">
								<axis x="0.143747" y="0.00363492" z="-0.989608" />
							</rotate>
						</keyframe>
						<keyframe time="0.333333">
							<translate x="0.0" y="0.0" z="0.0" />
							<rotate angle="0.0">
								<axis x="0.0389651" y="-3.43293e-005" z="-0.999241" />
							</rotate>
						</keyframe>
						<keyframe time="0.533333">
							<translate x="0.0" y="0.0" z="0.0" />
							<rotate angle="0.0">
								<axis x="-0.0872888" y="-0.00142514" z="0.996182" />
							</rotate>
						</keyframe>
						<keyframe time="0.633333">
							<translate x="0.0" y="0.0" z="0.0" />
							<rotate angle="0.0">
								<axis x="-0.0270167" y="0.0142536" z="-0.999533" />
							</rotate>
						</keyframe>
						<keyframe time="0.733333">
							<translate x="0.0" y="0.0" z="0.0" />
							<rotate angle="0.0">
								<axis x="-0.282675" y="0.0152099" z="-0.959095" />
							</rotate>
						</keyframe>
						<keyframe time="0.833333">
							<translate x="0.0" y="0.0" z="0.0" />
							<rotate angle="0.0">
								<axis x="-0.781327" y="-0.0103385" z="-0.624036" />
							</rotate>
						</keyframe>
						<keyframe time="1.0">
							<translate x="0.0" y="0.0" z="0.0" />
							<rotate angle="0.0">
								<axis x="-0.781327" y="-0.0103384" z="-0.624036" />
							</rotate>
						</keyframe>
					</keyframes>
				</track>
				<track bone = "Bip01_L_Toe01">
					<keyframes>
						<keyframe time="0.0">
							<translate x="0.0" y="0.0" z="0.0" />
							<rotate angle="-0.000690534">
								<axis x="0.0" y="0.0" z="1.0" />
							</rotate>
						</keyframe>
						<keyframe time="0.0333333">
							<translate x="0.0" y="0.0" z="0.0" />
							<rotate angle="-0.000690534">
								<axis x="0.0" y="0.0" z="1.0" />
							</rotate>
						</keyframe>
						<keyframe time="0.233333">
							<translate x="0.0" y="0.0" z="0.0" />
							<rotate angle="-0.0195679">
								<axis x="0.0" y="0.0" z="-1.0" />
							</rotate>
						</keyframe>
						<keyframe time="0.333333">
							<translate x="0.0" y="0.0" z="0.0" />
							<rotate angle="-0.160623">
								<axis x="0.0" y="0.0" z="-1.0" />
							</rotate>
						</keyframe>
						<keyframe time="0.533333">
							<translate x="0.0" y="0.0" z="0.0" />
							<rotate angle="-0.000690534">
								<axis x="0.0" y="0.0" z="1.0" />
							</rotate>
						</keyframe>
						<keyframe time="0.633333">
							<translate x="0.0" y="0.0" z="0.0" />
							<rotate angle="-0.000690534">
								<axis x="-1.5916e-007" y="0.0" z="1.0" />
							</rotate>
						</keyframe>
						<keyframe time="0.733333">
							<translate x="0.0" y="0.0" z="0.0" />
							<rotate angle="-0.000690534">
								<axis x="0.0" y="0.0" z="1.0" />
							</rotate>
						</keyframe>
						<keyframe time="0.833333">
							<translate x="0.0" y="0.0" z="0.0" />
							<rotate angle="-0.000690534">
								<axis x="0.0" y="0.0" z="1.0" />
							</rotate>
						</keyframe>
						<keyframe time="1.0">
							<translate x="0.0" y="0.0" z="0.0" />
							<rotate angle="-0.000690534">
								<axis x="0.0" y="0.0" z="1.0" />
							</rotate>
						</keyframe>
					</keyframes>
				</track>
				<track bone = "Bip01_L_Toe02">
					<keyframes>
						<keyframe time="0.0">
							<translate x="0.0" y="0.0" z="0.0" />
							<rotate angle="-0.000690534">
								<axis x="0.0" y="0.0" z="1.0" />
							</rotate>
						</keyframe>
						<keyframe time="0.0333333">
							<translate x="0.0" y="0.0" z="0.0" />
							<rotate angle="-0.000690534">
								<axis x="0.0" y="0.0" z="1.0" />
							</rotate>
						</keyframe>
						<keyframe time="0.233333">
							<translate x="0.0" y="0.0" z="0.0" />
							<rotate angle="-0.0195679">
								<axis x="0.0" y="0.0" z="-1.0" />
							</rotate>
						</keyframe>
						<keyframe time="0.333333">
							<translate x="0.0" y="0.0" z="0.0" />
							<rotate angle="-0.160623">
								<axis x="0.0" y="0.0" z="-1.0" />
							</rotate>
						</keyframe>
						<keyframe time="0.533333">
							<translate x="0.0" y="0.0" z="0.0" />
							<rotate angle="-0.000690534">
								<axis x="0.0" y="0.0" z="1.0" />
							</rotate>
						</keyframe>
						<keyframe time="0.633333">
							<translate x="0.0" y="0.0" z="0.0" />
							<rotate angle="-0.000690534">
								<axis x="0.0" y="0.0" z="1.0" />
							</rotate>
						</keyframe>
						<keyframe time="0.733333">
							<translate x="0.0" y="0.0" z="0.0" />
							<rotate angle="-0.000690534">
								<axis x="-3.49966e-007" y="0.0" z="1.0" />
							</rotate>
						</keyframe>
						<keyframe time="0.833333">
							<translate x="0.0" y="0.0" z="0.0" />
							<rotate angle="-0.000690534">
								<axis x="0.0" y="0.0" z="1.0" />
							</rotate>
						</keyframe>
						<keyframe time="1.0">
							<translate x="0.0" y="0.0" z="0.0" />
							<rotate angle="-0.000690534">
								<axis x="0.0" y="0.0" z="1.0" />
							</rotate>
						</keyframe>
					</keyframes>
				</track>
				<track bone = "Bip01_R_Thigh">
					<keyframes>
						<keyframe time="0.0">
							<translate x="0.513456" y="0.00200524" z="-0.14967" />
							<rotate angle="-0.215824">
								<axis x="0.0652383" y="0.173282" z="-0.982709" />
							</rotate>
						</keyframe>
						<keyframe time="0.0333333">
							<translate x="0.521176" y="0.00241409" z="-0.152902" />
							<rotate angle="-0.284598">
								<axis x="0.0567269" y="0.133268" z="-0.989455" />
							</rotate>
						</keyframe>
						<keyframe time="0.133333">
							<translate x="0.451622" y="-0.000995254" z="-0.124466" />
							<rotate angle="-0.278416">
								<axis x="0.0535948" y="0.110186" z="-0.992465" />
							</rotate>
						</keyframe>
						<keyframe time="0.233333">
							<translate x="0.286548" y="-0.00945887" z="-0.0515966" />
							<rotate angle="-0.291106">
								<axis x="0.0332507" y="0.0444437" z="-0.998458" />
							</rotate>
						</keyframe>
						<keyframe time="0.333333">
							<translate x="0.0912943" y="-0.0201905" z="0.0446904" />
							<rotate angle="-0.385149">
								<axis x="-0.000699029" y="-0.0355312" z="-0.999368" />
							</rotate>
						</keyframe>
						<keyframe time="0.533333">
							<translate x="-0.137698" y="-0.0338373" z="0.172319" />
							<rotate angle="-0.0843674">
								<axis x="-0.0733818" y="-0.542674" z="0.836732" />
							</rotate>
						</keyframe>
						<keyframe time="0.733333">
							<translate x="0.0912929" y="-0.0201829" z="0.0446904" />
							<rotate angle="-0.341471">
								<axis x="-0.00241698" y="-0.0392433" z="0.999227" />
							</rotate>
						</keyframe>
						<keyframe time="0.833333">
							<translate x="0.286548" y="-0.00945124" z="-0.0515971" />
							<rotate angle="-0.218441">
								<axis x="0.00961504" y="0.0599623" z="0.998154" />
							</rotate>
						</keyframe>
						<keyframe time="1.0">
							<translate x="0.512645" y="0.00199762" z="-0.149488" />
							<rotate angle="-0.203295">
								<axis x="0.0680954" y="0.187789" z="-0.979846" />
							</rotate>
						</keyframe>
					</keyframes>
				</track>
				<track bone = "Bip01_R_Calf">
					<keyframes>
						<keyframe time="0.0">
							<translate x="0.0" y="0.0" z="0.0" />
							<rotate angle="-0.492038">
								<axis x="0.0" y="0.0" z="1.0" />
							</rotate>
						</keyframe>
						<keyframe time="0.0333333">
							<translate x="0.0" y="0.0" z="0.0" />
							<rotate angle="-0.451441">
								<axis x="0.0" y="0.0" z="1.0" />
							</rotate>
						</keyframe>
						<keyframe time="0.133333">
							<translate x="0.0" y="0.0" z="0.0" />
							<rotate angle="-0.0428585">
								<axis x="0.0" y="0.0" z="-1.0" />
							</rotate>
						</keyframe>
						<keyframe time="0.233333">
							<translate x="0.0" y="0.0" z="0.0" />
							<rotate angle="-0.137426">
								<axis x="0.0" y="0.0" z="-1.0" />
							</rotate>
						</keyframe>
						<keyframe time="0.333333">
							<translate x="0.0" y="0.0" z="0.0" />
							<rotate angle="-0.260395">
								<axis x="0.0" y="0.0" z="1.0" />
							</rotate>
						</keyframe>
						<keyframe time="0.533333">
							<translate x="0.0" y="0.0" z="0.0" />
							<rotate angle="-0.00516748">
								<axis x="0.0" y="-1.57972e-007" z="-1.0" />
							</rotate>
						</keyframe>
						<keyframe time="0.733333">
							<translate x="0.0" y="0.0" z="0.0" />
							<rotate angle="-0.0547197">
								<axis x="0.0" y="0.0" z="1.0" />
							</rotate>
						</keyframe>
						<keyframe time="0.833333">
							<translate x="0.0" y="0.0" z="0.0" />
							<rotate angle="-0.461042">
								<axis x="0.0" y="0.0" z="1.0" />
							</rotate>
						</keyframe>
						<keyframe time="1.0">
							<translate x="0.0" y="0.0" z="0.0" />
							<rotate angle="-0.490396">
								<axis x="0.0" y="0.0" z="1.0" />
							</rotate>
						</keyframe>
					</keyframes>
				</track>
				<track bone = "Bip01_R_Foot">
					<keyframes>
						<keyframe time="0.0">
							<translate x="0.0" y="0.0" z="0.0" />
							<rotate angle="-0.0943772">
								<axis x="-0.0254351" y="-0.013767" z="-0.999582" />
							</rotate>
						</keyframe>
						<keyframe time="0.0333333">
							<translate x="0.0" y="0.0" z="0.0" />
							<rotate angle="-0.110231">
								<axis x="-0.0294375" y="-0.0125607" z="-0.999488" />
							</rotate>
						</keyframe>
						<keyframe time="0.133333">
							<translate x="0.0" y="0.0" z="0.0" />
							<rotate angle="-0.0340333">
								<axis x="-0.167102" y="-0.00390799" z="0.985932" />
							</rotate>
						</keyframe>
						<keyframe time="0.233333">
							<translate x="0.0" y="0.0" z="0.0" />
							<rotate angle="-0.0535614">
								<axis x="-0.116744" y="0.00617705" z="0.993143" />
							</rotate>
						</keyframe>
						<keyframe time="0.333333">
							<translate x="0.0" y="0.0" z="0.0" />
							<rotate angle="-0.127308">
								<axis x="-0.0350294" y="0.0141934" z="0.999286" />
							</rotate>
						</keyframe>
						<keyframe time="0.533333">
							<translate x="0.0" y="0.0" z="0.0" />
							<rotate angle="-0.0606947">
								<axis x="-0.00874073" y="0.140909" z="-0.989984" />
							</rotate>
						</keyframe>
						<keyframe time="0.733333">
							<translate x="0.0" y="0.0" z="0.0" />
							<rotate angle="-0.263347">
								<axis x="0.00214022" y="-0.00050424" z="-0.999998" />
							</rotate>
						</keyframe>
						<keyframe time="0.833333">
							<translate x="0.0" y="0.0" z="0.0" />
							<rotate angle="-0.0489025">
								<axis x="0.0119855" y="-0.00263359" z="0.999925" />
							</rotate>
						</keyframe>
						<keyframe time="1.0">
							<translate x="0.0" y="0.0" z="0.0" />
							<rotate angle="-0.106155">
								<axis x="-0.0226426" y="-0.0138492" z="-0.999648" />
							</rotate>
						</keyframe>
					</keyframes>
				</track>
				<track bone = "Bip01_R_Toe0">
					<keyframes>
						<keyframe time="0.0">
							<translate x="0.0" y="0.0" z="0.0" />
							<rotate angle="0.0">
								<axis x="-0.0225335" y="-0.00334548" z="-0.99974" />
							</rotate>
						</keyframe>
						<keyframe time="0.0333333">
							<translate x="0.0" y="0.0" z="0.0" />
							<rotate angle="0.0">
								<axis x="-0.936959" y="-0.0536084" z="-0.345302" />
							</rotate>
						</keyframe>
						<keyframe time="0.133333">
							<translate x="0.0" y="0.0" z="0.0" />
							<rotate angle="0.0">
								<axis x="-0.0249955" y="0.00994219" z="0.999638" />
							</rotate>
						</keyframe>
						<keyframe time="0.233333">
							<translate x="0.0" y="0.0" z="0.0" />
							<rotate angle="0.0">
								<axis x="0.0026355" y="-0.000954649" z="0.999996" />
							</rotate>
						</keyframe>
						<keyframe time="0.333333">
							<translate x="0.0" y="0.0" z="0.0" />
							<rotate angle="0.0">
								<axis x="0.0902175" y="-0.0164541" z="-0.995786" />
							</rotate>
						</keyframe>
						<keyframe time="0.533333">
							<translate x="0.0" y="0.0" z="0.0" />
							<rotate angle="0.0">
								<axis x="0.0902175" y="-0.0164541" z="-0.995786" />
							</rotate>
						</keyframe>
						<keyframe time="0.733333">
							<translate x="0.0" y="0.0" z="0.0" />
							<rotate angle="0.0">
								<axis x="-0.152094" y="0.0101922" z="0.988313" />
							</rotate>
						</keyframe>
						<keyframe time="0.833333">
							<translate x="0.0" y="0.0" z="0.0" />
							<rotate angle="0.0">
								<axis x="0.0145579" y="-0.00831286" z="-0.99986" />
							</rotate>
						</keyframe>
						<keyframe time="1.0">
							<translate x="0.0" y="0.0" z="0.0" />
							<rotate angle="0.0">
								<axis x="-0.0263417" y="-0.00174191" z="-0.999652" />
							</rotate>
						</keyframe>
					</keyframes>
				</track>
				<track bone = "Bip01_R_Toe01">
					<keyframes>
						<keyframe time="0.0">
							<translate x="0.0" y="0.0" z="0.0" />
							<rotate angle="-0.010219">
								<axis x="0.0" y="0.0" z="-1.0" />
							</rotate>
						</keyframe>
						<keyframe time="0.0333333">
							<translate x="0.0" y="0.0" z="0.0" />
							<rotate angle="-0.000690534">
								<axis x="2.00521e-007" y="0.0" z="1.0" />
							</rotate>
						</keyframe>
						<keyframe time="0.133333">
							<translate x="0.0" y="0.0" z="0.0" />
							<rotate angle="-0.000690534">
								<axis x="1.21454e-007" y="0.0" z="1.0" />
							</rotate>
						</keyframe>
						<keyframe time="0.233333">
							<translate x="0.0" y="0.0" z="0.0" />
							<rotate angle="-0.000690534">
								<axis x="2.43965e-007" y="-1.27229e-007" z="1.0" />
							</rotate>
						</keyframe>
						<keyframe time="0.333333">
							<translate x="0.0" y="0.0" z="0.0" />
							<rotate angle="-0.000690534">
								<axis x="0.0" y="0.0" z="1.0" />
							</rotate>
						</keyframe>
						<keyframe time="0.533333">
							<translate x="0.0" y="0.0" z="0.0" />
							<rotate angle="-0.000690534">
								<axis x="0.0" y="0.0" z="1.0" />
							</rotate>
						</keyframe>
						<keyframe time="0.733333">
							<translate x="0.0" y="0.0" z="0.0" />
							<rotate angle="-0.0283794">
								<axis x="0.0" y="0.0" z="-1.0" />
							</rotate>
						</keyframe>
						<keyframe time="0.833333">
							<translate x="0.0" y="0.0" z="0.0" />
							<rotate angle="-0.161185">
								<axis x="0.0" y="0.0" z="-1.0" />
							</rotate>
						</keyframe>
						<keyframe time="1.0">
							<translate x="0.0" y="0.0" z="0.0" />
							<rotate angle="-0.010358">
								<axis x="0.0" y="0.0" z="-1.0" />
							</rotate>
						</keyframe>
					</keyframes>
				</track>
				<track bone = "Bip01_R_Toe02">
					<keyframes>
						<keyframe time="0.0">
							<translate x="0.0" y="0.0" z="0.0" />
							<rotate angle="-0.010219">
								<axis x="0.0" y="0.0" z="-1.0" />
							</rotate>
						</keyframe>
						<keyframe time="0.0333333">
							<translate x="0.0" y="0.0" z="0.0" />
							<rotate angle="-0.000690534">
								<axis x="-1.28225e-007" y="0.0" z="1.0" />
							</rotate>
						</keyframe>
						<keyframe time="0.133333">
							<translate x="0.0" y="0.0" z="0.0" />
							<rotate angle="-0.000690534">
								<axis x="0.0" y="0.0" z="1.0" />
							</rotate>
						</keyframe>
						<keyframe time="0.233333">
							<translate x="0.0" y="0.0" z="0.0" />
							<rotate angle="-0.000690534">
								<axis x="0.0" y="0.0" z="1.0" />
							</rotate>
						</keyframe>
						<keyframe time="0.333333">
							<translate x="0.0" y="0.0" z="0.0" />
							<rotate angle="-0.000690534">
								<axis x="0.0" y="0.0" z="1.0" />
							</rotate>
						</keyframe>
						<keyframe time="0.533333">
							<translate x="0.0" y="0.0" z="0.0" />
							<rotate angle="-0.000690534">
								<axis x="0.0" y="0.0" z="1.0" />
							</rotate>
						</keyframe>
						<keyframe time="0.733333">
							<translate x="0.0" y="0.0" z="0.0" />
							<rotate angle="-0.0283794">
								<axis x="0.0" y="0.0" z="-1.0" />
							</rotate>
						</keyframe>
						<keyframe time="0.833333">
							<translate x="0.0" y="0.0" z="0.0" />
							<rotate angle="-0.161185">
								<axis x="0.0" y="0.0" z="-1.0" />
							</rotate>
						</keyframe>
						<keyframe time="1.0">
							<translate x="0.0" y="0.0" z="0.0" />
							<rotate angle="-0.010358">
								<axis x="0.0" y="0.0" z="-1.0" />
							</rotate>
						</keyframe>
					</keyframes>
				</track>
			</tracks>
		</animation>
	</animations>
</skeleton>
